INI50030700	INI50030700_baseline	INI50030700_BLOOD	INI50030700_LIVER	INI50030700_LUNG	INI50030700_KIDNEY	INI50030700_all
4.66506273984826	0.0258554	0.0211561	-0.00173077	0.00822467	0.0112629	0.0467629
4.67376940677747	-0.105371	-0.110503	-0.125869	-0.105015	-0.118861	-0.0539197
4.65181704893799	-0.141595	-0.130825	-0.163418	-0.178055	-0.172771	-0.0970746
4.65884575214793	-0.0685329	-0.0498727	-0.0759788	-0.0596643	-0.0647034	-0.0330926
4.254360867944	-0.126413	-0.142793	-0.157855	-0.162618	-0.128831	-0.0883309
4.47403619247115	-0.0989845	-0.0997114	-0.124836	-0.120877	-0.116256	-0.0743554
4.43130589353672	-0.175309	-0.167706	-0.190664	-0.18008	-0.176969	-0.128224
4.74713429442499	-0.104943	-0.0868121	-0.115456	-0.121357	-0.106922	-0.0751035
4.68153024590793	-0.152064	-0.129823	-0.151567	-0.149332	-0.13622	-0.115337
4.59026749164705	-0.0512906	-0.0643341	-0.0661653	-0.0731422	-0.055122	-0.023643
4.68693859867333	-0.123555	-0.110603	-0.126005	-0.112505	-0.112905	-0.104362
4.35527310211613	-0.0717324	-0.0784023	-0.0900606	-0.095333	-0.0756005	-0.03968
4.61268893394407	-0.147038	-0.157336	-0.189729	-0.163231	-0.162456	-0.130693
4.85622661796744	-0.0447351	-0.0397565	-0.0545568	-0.0580232	-0.0546921	-0.00683447
4.18422307824273	-0.103112	-0.110864	-0.114454	-0.128347	-0.141225	-0.0737542
4.81059172289513	-0.101515	-0.116579	-0.11295	-0.136446	-0.115035	-0.0741314
4.40756166529265	-0.0340736	-0.0271508	-0.0535368	-0.0491427	-0.0378632	-0.00546776
4.297008571888	-0.118692	-0.119829	-0.128809	-0.144113	-0.120676	-0.0801402
4.53967597224354	-0.090492	-0.0800974	-0.0992009	-0.105295	-0.0900612	-0.0500302
4.70791710019793	-0.0811742	-0.0826715	-0.0991398	-0.125062	-0.109634	-0.0505018
4.72255959209038	-0.00931289	-0.0213177	-0.030622	-0.0283788	-0.0156553	0.0132779
4.63667972025728	-0.066157	-0.0645768	-0.0839397	-0.0976647	-0.0838119	-0.0584475
4.54306039616115	-0.0922484	-0.104978	-0.108143	-0.142676	-0.101523	-0.0711359
4.66430281506767	0.0138996	0.00741176	0.0056379	0.00355927	-0.00795712	0.0334821
4.52821509166111	-0.0232104	-0.0108508	-0.0454096	-0.0616098	-0.0322074	0.000691324
4.57915308850144	-0.132258	-0.123947	-0.16211	-0.137935	-0.12881	-0.0956908
4.55055164569818	-0.193193	-0.195151	-0.249565	-0.203113	-0.215674	-0.148605
4.74489268366466	-0.0358657	-0.0411949	-0.0405434	-0.057547	-0.0360717	-0.00584792
4.12714204891302	-0.0679289	-0.0827985	-0.0778012	-0.105898	-0.0910914	-0.0377887
4.51707320101704	-0.0780207	-0.0988125	-0.0944997	-0.13587	-0.0895341	-0.0632005
4.42888772228884	-0.0992659	-0.0847507	-0.0966365	-0.113878	-0.0895929	-0.047873
4.61088667732394	-0.061898	-0.0735037	-0.0617472	-0.0783614	-0.0770345	-0.0275649
4.59578145633372	0.00364954	-0.00252295	-0.0322109	-0.0110378	-0.0118812	0.0113777
4.80792352484681	-0.00892051	-0.00915396	-0.0321255	-0.0284571	0.00607221	0.0440639
4.68153834107432	-0.0650405	-0.080222	-0.0891415	-0.0891826	-0.0865641	-0.027214
4.63607035464038	-0.150699	-0.14616	-0.153116	-0.169393	-0.15051	-0.110879
4.6778540798294	-0.116928	-0.1057	-0.13907	-0.122668	-0.120574	-0.0658349
4.68340954830558	-0.0542408	-0.050466	-0.0387484	-0.0715471	-0.0423578	-0.0141197
4.53592326232189	-0.0964788	-0.104054	-0.104806	-0.119802	-0.110977	-0.0541647
4.29919712009218	-0.0771189	-0.0838577	-0.0730627	-0.0851375	-0.0496694	-0.0397431
4.42169395500333	-0.15845	-0.156594	-0.153202	-0.169972	-0.171818	-0.102843
4.34230060376256	-0.0877808	-0.0905055	-0.115355	-0.101825	-0.0823978	-0.0651884
4.66257890864816	-0.0707361	-0.0809085	-0.0706545	-0.0740781	-0.0739459	-0.0542127
4.71417084435	-0.107265	-0.0990748	-0.111864	-0.128864	-0.0914724	-0.0585615
4.63213454989445	-0.0754562	-0.0597854	-0.0920826	-0.0874265	-0.0722707	-0.0458743
4.37518378800428	-0.128058	-0.143611	-0.128808	-0.14663	-0.137821	-0.105842
4.66470990268432	-0.11155	-0.113501	-0.102903	-0.105585	-0.109417	-0.0746266
4.6988867199503	-0.02231	-0.0514363	-0.0553978	-0.0564343	-0.0486666	0.00218478
4.73447233145431	-0.0921601	-0.094979	-0.108336	-0.113321	-0.101033	-0.0694876
4.7771766623773	-0.0599375	-0.0632637	-0.0669178	-0.0698272	-0.053831	-0.033297
4.5038581407902	-0.171206	-0.17737	-0.191237	-0.191869	-0.192929	-0.145792
4.29832998686751	-0.137806	-0.132073	-0.193448	-0.172667	-0.144962	-0.111899
4.48654323146972	-0.0786345	-0.0925958	-0.114078	-0.103882	-0.0848941	-0.0509669
4.59341553434817	-0.117386	-0.121951	-0.0964037	-0.131553	-0.101086	-0.0970871
4.53761074755222	-0.0471164	-0.0420466	-0.0585098	-0.0594749	-0.06807	-0.0276898
4.43459840610637	-0.000166637	0.00660956	-0.0177992	-0.0196087	-0.0228474	0.0323817
4.66046089642629	-0.0942294	-0.100864	-0.100339	-0.102847	-0.107118	-0.0551046
4.22476055736249	-0.0978076	-0.0967981	-0.103196	-0.0974223	-0.100741	-0.0644376
4.25457292563179	-0.127052	-0.131962	-0.15408	-0.14692	-0.133718	-0.103336
4.68714608280615	-0.0768513	-0.0688021	-0.0733411	-0.101437	-0.0918915	-0.0271059
4.445319228905	-0.030214	-0.0342583	-0.0450887	-0.0368914	-0.0341941	0.0164606
4.68463510294416	-0.0436973	-0.0595578	-0.0681942	-0.0774118	-0.0810865	-0.0370618
4.51758813655882	-0.0321933	-0.0608005	-0.061785	-0.0759235	-0.0619284	-0.0130448
4.64087928494165	-0.0712074	-0.0699254	-0.0905668	-0.0810253	-0.0799596	-0.044802
4.19543079322505	-0.12433	-0.130612	-0.146526	-0.146717	-0.125181	-0.0958558
4.60779039210741	-0.154696	-0.156955	-0.154094	-0.179648	-0.15812	-0.139364
4.44511635914647	-0.155953	-0.157725	-0.158052	-0.167929	-0.162267	-0.13125
4.6394044241084	-0.182658	-0.184745	-0.180009	-0.189937	-0.177776	-0.139591
4.71060809596608	-0.053461	-0.0662479	-0.0499774	-0.0722521	-0.0586707	-0.0157915
4.5040160401132	-0.122552	-0.14252	-0.117598	-0.157812	-0.0998328	-0.0937111
4.75840645735819	-0.0772472	-0.0761213	-0.0821461	-0.0948877	-0.0663081	-0.0537425
4.26455401167774	-0.0823778	-0.0906551	-0.0780067	-0.0857553	-0.0984488	-0.0550714
4.60655866334091	-0.108142	-0.103474	-0.131431	-0.12088	-0.106883	-0.081857
4.70204586789286	-0.0921538	-0.0916125	-0.1263	-0.106231	-0.0911678	-0.060282
3.89831197840305	-0.0657106	-0.0612944	-0.0521279	-0.0516608	-0.0643054	-0.0379019
4.28190940395006	-0.0589472	-0.0487682	-0.0661072	-0.0701303	-0.0606388	-0.0258218
4.29852297622777	-0.0691464	-0.0860643	-0.0971193	-0.091199	-0.0782822	-0.0337812
4.52699385042704	-0.0808128	-0.0612925	-0.0785373	-0.0985072	-0.0890876	-0.0542584
4.64340807675403	-0.0846767	-0.0762381	-0.111361	-0.0840292	-0.0999088	-0.0410559
4.58606059911589	-0.0541141	-0.0637757	-0.0646337	-0.0744717	-0.0565167	-0.0369984
4.67728555576687	-0.121607	-0.114027	-0.116317	-0.126866	-0.106234	-0.0765255
4.5296700780881	-0.0253407	-0.0238341	-0.0508536	-0.0292753	-0.0547208	0.0089366
4.33008673110336	-0.0322562	-0.0354527	-0.0304679	-0.0433199	-0.0370248	-0.000917638
4.489248913055	-0.0945696	-0.0772976	-0.0987796	-0.094237	-0.0950555	-0.0564245
4.44032602126668	-0.0302789	-0.0433136	-0.021558	-0.0621449	-0.0513938	0.024701
4.46342257325549	-0.0751469	-0.0826099	-0.0885634	-0.0931602	-0.0714827	-0.0209292
4.70374498017407	-0.128476	-0.126605	-0.144929	-0.131115	-0.124672	-0.103041
4.61871177860368	-0.119229	-0.146221	-0.150945	-0.158032	-0.146817	-0.113435
4.46342759260012	-0.131041	-0.136777	-0.134007	-0.151749	-0.132995	-0.115094
4.66023753997571	-0.113777	-0.100289	-0.125304	-0.11851	-0.10992	-0.074656
4.38850911448262	-0.0956594	-0.0799349	-0.106445	-0.117376	-0.103099	-0.0687563
4.33545627560709	-0.109032	-0.109316	-0.130365	-0.133989	-0.0873179	-0.0708751
4.74292805353677	-0.0764758	-0.0820968	-0.113877	-0.118158	-0.0897653	-0.0464908
4.2703918244311	-0.0790821	-0.101205	-0.0967999	-0.127086	-0.096729	-0.0602559
4.43705520894343	-0.0607573	-0.0753534	-0.0738762	-0.0983873	-0.0786895	-0.0191787
4.45756394321264	-0.0870732	-0.105962	-0.0940425	-0.099833	-0.0671781	-0.055117
4.24888177125515	-0.0417321	-0.0601352	-0.0702139	-0.0479718	-0.0401269	0.00481824
4.70268229404039	-0.112025	-0.107788	-0.109781	-0.144742	-0.125106	-0.0728867
4.34932544787121	-0.0763777	-0.0731214	-0.0841995	-0.0972628	-0.105446	-0.0453957
4.54767270423586	-0.154092	-0.155861	-0.190141	-0.193144	-0.170986	-0.110702
4.64942938312507	-0.0801962	-0.0716933	-0.0651608	-0.10344	-0.077429	-0.0480081
4.70381879749233	-0.10111	-0.12354	-0.104546	-0.114842	-0.085091	-0.0598348
4.78454012610313	-0.0918992	-0.0857114	-0.103793	-0.130129	-0.116734	-0.0563213
4.76077289701595	-0.0235805	-0.0125331	-0.013461	-0.0211065	-0.00216648	0.0282257
4.08914728311209	-0.0796606	-0.0702689	-0.085473	-0.089378	-0.0638618	-0.0554787
4.02141024632918	-0.102255	-0.09559	-0.127111	-0.102332	-0.130416	-0.0562976
4.75283126810006	-0.068037	-0.101082	-0.0848512	-0.108524	-0.0986484	-0.0383611
4.47297134618715	-0.126148	-0.124207	-0.146047	-0.118508	-0.100213	-0.0930886
4.64955145725043	-0.0848005	-0.0551067	-0.0769262	-0.114336	-0.0698883	-0.0548572
4.74335269910479	-0.0556888	-0.067813	-0.0917281	-0.0772101	-0.0628182	-0.0257945
4.54093611929778	-0.0973832	-0.108206	-0.107756	-0.0974329	-0.0960578	-0.0659014
4.38975193997363	-0.106427	-0.0917663	-0.109022	-0.123992	-0.114976	-0.0807945
4.61448326417671	-0.0703969	-0.077342	-0.080559	-0.112116	-0.0758014	-0.0182777
4.55373533221173	-0.0822923	-0.0871275	-0.0947231	-0.102902	-0.0899055	-0.0603175
4.2452910562066	-0.084578	-0.0716059	-0.0797097	-0.0751128	-0.0832334	-0.0473649
4.44235242636826	-0.0626358	-0.0755496	-0.0557186	-0.0825375	-0.0654877	-0.0428192
4.83366564677849	-0.0386064	-0.0461187	-0.0333085	-0.0418533	-0.0214412	-0.00770325
4.52445832557899	-0.0845081	-0.0926468	-0.0952639	-0.0928042	-0.069709	-0.0432418
4.45476703093299	-0.0732343	-0.0699871	-0.0935956	-0.0946317	-0.0710122	-0.0326896
4.36730764276358	-0.0970398	-0.124502	-0.104318	-0.11442	-0.103243	-0.0700153
4.81624257763419	-0.0849358	-0.0953966	-0.109511	-0.111255	-0.0846802	-0.0691378
4.57249694313406	-0.0804595	-0.0971688	-0.0914152	-0.122231	-0.0934741	-0.044305
4.54553671539146	-0.026992	-0.0485816	-0.0631452	-0.0471783	-0.0505525	-0.0180317
4.49760147644672	-0.10312	-0.0895295	-0.115016	-0.131167	-0.0965871	-0.0795731
4.53085453657825	-0.0714219	-0.0811219	-0.0844343	-0.106153	-0.0731525	-0.0611245
4.4829716847744	-0.150078	-0.167039	-0.199274	-0.194764	-0.158965	-0.147738
4.65159433692261	-0.0323988	-0.052474	-0.0507914	-0.0727199	-0.0543837	-0.0234925
4.74911782661044	-0.118227	-0.1373	-0.153886	-0.153811	-0.123543	-0.0761773
4.66865952974342	-0.113552	-0.129305	-0.126121	-0.146646	-0.111743	-0.0813205
4.71411662684525	-0.0985229	-0.0934962	-0.119873	-0.115387	-0.0730503	-0.0463118
4.51610341727445	-0.062387	-0.0846576	-0.103385	-0.103096	-0.0848472	-0.0496548
4.00254423869889	-0.0500875	-0.0654271	-0.0781434	-0.0968057	-0.0997122	-0.0213784
4.5962157655843	-0.0277615	-0.0244923	-0.0329789	-0.0538638	-0.0268006	0.00319577
4.49749487141154	-0.142909	-0.142547	-0.147637	-0.149649	-0.138018	-0.109106
4.59845395863315	-0.0803126	-0.0988136	-0.103548	-0.109464	-0.0822197	-0.0354716
4.58300403708191	-0.116158	-0.11136	-0.133041	-0.112361	-0.119788	-0.0954303
4.44490886329982	-0.124525	-0.130145	-0.114177	-0.126954	-0.133016	-0.111685
4.39065678096066	-0.0119036	-0.0247055	-0.0287496	-0.0318505	-0.0274847	0.0396297
4.2447694012206	-0.124778	-0.115773	-0.116452	-0.114924	-0.116394	-0.0752357
4.62339937628268	-0.0943849	-0.0980169	-0.102044	-0.125413	-0.117923	-0.0628346
4.66209302243365	-0.0882783	-0.0588497	-0.0928827	-0.0836519	-0.0645353	-0.0403602
4.45299645252489	-0.0413143	-0.0281546	-0.0214655	-0.0548991	-0.0325322	-0.0100264
4.47103602406441	-0.0408214	-0.0537593	-0.0396532	-0.0674235	-0.0279668	-0.000921915
4.81144508620146	-0.0380284	-0.0544997	-0.0556364	-0.0823288	-0.0492107	-0.0153269
4.66436378443984	-0.0972863	-0.108833	-0.130388	-0.151851	-0.119777	-0.0679157
4.68457507789465	-0.0410552	-0.0575255	-0.0763356	-0.0749496	-0.0663564	-0.0137132
4.66131163006828	-0.10738	-0.123935	-0.152669	-0.120444	-0.130143	-0.0862162
4.41873201233181	-0.078306	-0.0843832	-0.111368	-0.120486	-0.101347	-0.0562923
4.40984012969509	-0.185527	-0.195399	-0.186498	-0.185429	-0.163777	-0.145843
4.71751177578791	-0.151493	-0.147877	-0.134973	-0.138912	-0.121685	-0.119034
4.39493589182932	-0.0573672	-0.0687555	-0.0634758	-0.0783799	-0.0514444	-0.0427768
4.65540567185472	-0.110687	-0.111793	-0.109104	-0.133701	-0.116341	-0.0745578
4.64687873654155	-0.0711746	-0.0786097	-0.0850506	-0.0819679	-0.0705765	-0.0308209
4.57610971663585	-0.150394	-0.138987	-0.153725	-0.164548	-0.146598	-0.0944975
4.36651648017851	-0.0775707	-0.0924139	-0.103818	-0.11081	-0.085778	-0.0527934
4.33848996766922	-0.100383	-0.108908	-0.106596	-0.134473	-0.118348	-0.0608557
4.53482177102989	0.00222564	-0.00515792	-0.0149934	-0.0418782	-0.00889669	0.0243483
4.5574661871594	-0.0770147	-0.092479	-0.0886341	-0.0842329	-0.0966953	-0.046875
4.48276045084189	-0.0428346	-0.0644404	-0.0628659	-0.052735	-0.0480607	-0.0263981
4.36167071284911	-0.122267	-0.108902	-0.129519	-0.141808	-0.122272	-0.0904949
4.49747237059245	-0.155095	-0.156218	-0.152506	-0.177067	-0.159748	-0.127006
4.87346905844686	-0.044069	-0.0398718	-0.0665285	-0.0713715	-0.0683643	-0.0197815
4.58451786732893	-0.0285227	-0.0452944	-0.0317848	-0.0524906	-0.03367	0.0288631
4.55649999077849	-0.103288	-0.108642	-0.129155	-0.117351	-0.109138	-0.0817593
4.56989246061611	-0.0618911	-0.0513414	-0.0762001	-0.0645192	-0.0571963	-0.0279998
4.61873452221677	-0.072947	-0.0671929	-0.0944961	-0.0988003	-0.0745767	-0.0544824
4.63757919988578	-0.0528325	-0.0431783	-0.0613754	-0.0693629	-0.0758374	-0.0336111
4.4780541041714	-0.0743181	-0.0862464	-0.0823174	-0.13514	-0.0715172	-0.0462461
4.23572996668959	-0.168312	-0.156182	-0.161656	-0.163624	-0.145276	-0.132423
4.73503550424605	-0.0692994	-0.0755986	-0.0892443	-0.0907236	-0.0881321	-0.0422022
4.45472657202647	-0.151076	-0.149133	-0.162807	-0.174417	-0.157468	-0.116437
4.63184030775056	-0.146337	-0.141508	-0.157918	-0.166692	-0.151815	-0.127793
4.72538949303872	-0.113842	-0.104304	-0.124544	-0.12532	-0.10302	-0.074901
4.68544001331285	-0.0686553	-0.0560488	-0.0720562	-0.0999429	-0.0700038	-0.0410102
4.42089573079125	-0.0852558	-0.083776	-0.0925335	-0.108125	-0.0867683	-0.0455019
4.65021235487726	-0.0106546	-0.0115997	-0.0342062	-0.0361583	-0.0250452	0.00898974
4.70101620116711	-0.025612	-0.0192842	-0.0511542	-0.032558	-0.0189889	-0.00633433
4.79272734099822	-0.0868037	-0.105245	-0.119853	-0.124736	-0.117482	-0.0643708
4.41800028845932	-0.109783	-0.129732	-0.131952	-0.149306	-0.127353	-0.075018
4.15485638061984	-0.091763	-0.095136	-0.108731	-0.105076	-0.103285	-0.0637762
4.74754989262726	-0.0924576	-0.0892035	-0.0951984	-0.100836	-0.0766397	-0.0774069
4.2864947567341	-0.133123	-0.117832	-0.122998	-0.115431	-0.111656	-0.0977166
4.3532320641001	-0.11158	-0.105414	-0.107199	-0.120761	-0.125301	-0.0648391
4.5723215058341	-0.00674603	-0.0172866	-0.0213181	-0.0389446	-0.00847361	0.0240166
4.60046583080883	-0.098286	-0.0851263	-0.101719	-0.0846761	-0.0832198	-0.0541598
4.77882907255149	-0.0842546	-0.103073	-0.0840957	-0.0984492	-0.0908724	-0.0649747
4.62696490990749	-0.0936566	-0.0896151	-0.096993	-0.106227	-0.0828898	-0.0458298
4.31554110852124	-0.0815273	-0.0953006	-0.102631	-0.108029	-0.105854	-0.0602194
4.72533323410362	-0.0705104	-0.0828247	-0.0774257	-0.0869005	-0.0671107	-0.0694565
4.65759911034365	-0.103719	-0.100733	-0.119151	-0.124335	-0.118698	-0.0654192
4.45845860644163	-0.0256718	-0.0288573	-0.0475513	-0.0562305	-0.0212353	0.0185505
3.38435762500655	-0.110121	-0.118845	-0.134929	-0.134344	-0.117491	-0.0504014
4.45838066339064	-0.153625	-0.162777	-0.17717	-0.185869	-0.16748	-0.122762
4.6585351864822	-0.0209278	-0.0334302	-0.0252113	-0.0444536	-0.0483822	0.0248052
4.7039395689129	-0.0598396	-0.0684845	-0.0793981	-0.0725938	-0.0634844	-0.0381065
4.67881422010226	-0.0656784	-0.0529654	-0.0863148	-0.0632916	-0.0687914	-0.0358521
4.68104194558969	0.0183767	-0.00115889	-0.0258124	-0.0320509	-0.0208795	0.0608596
4.64550225522788	-0.0513554	-0.0542424	-0.0587169	-0.0739742	-0.0584454	-0.00280522
4.46786338427488	-0.0965702	-0.10642	-0.104215	-0.0981182	-0.106301	-0.0595405
4.74081219499163	-0.0273797	-0.037612	-0.017253	-0.0675216	-0.0543895	0.00344279
4.5782309145781	-0.0220591	-0.00646468	-0.0585162	-0.0505489	-0.0397027	0.00667744
4.77197577418998	-0.0917256	-0.0951005	-0.116515	-0.0920188	-0.10141	-0.0520045
4.38039249641203	-0.124944	-0.135862	-0.132909	-0.169132	-0.142415	-0.113958
4.70367932939155	-0.0321961	-0.0336471	-0.0603158	-0.0494383	-0.031893	-0.000365134
4.62119482111881	-0.0678662	-0.0737821	-0.0727742	-0.0834901	-0.0857881	-0.0363739
4.81205687596974	-0.138835	-0.134322	-0.1557	-0.165725	-0.131278	-0.113413
4.70147520725022	-0.0981789	-0.109146	-0.114246	-0.115007	-0.11114	-0.0608047
4.69913435663104	-0.0395186	-0.0423037	-0.0618106	-0.0616688	-0.0505311	-0.0108978
4.20920672710013	-0.102284	-0.0863597	-0.105839	-0.108752	-0.0918594	-0.0613039
4.20125288484862	-0.0636952	-0.0801205	-0.0782376	-0.099434	-0.0791004	-0.0558159
4.68642113962231	-0.0806328	-0.071776	-0.101655	-0.11039	-0.110133	-0.0552778
3.87921702875759	-0.101267	-0.119293	-0.14706	-0.157217	-0.139095	-0.0944242
4.75940968874924	-0.0406517	-0.0657672	-0.0732376	-0.0884692	-0.0480565	-0.0139619
4.42156496012026	-0.10003	-0.100973	-0.104088	-0.141188	-0.123324	-0.0557963
4.37179312391686	-0.0806173	-0.0982928	-0.130424	-0.129997	-0.100623	-0.0588215
4.49760932947656	-0.0529757	-0.0651311	-0.0841874	-0.0910366	-0.0694794	-0.0279486
4.81794867643338	-0.122081	-0.131741	-0.106616	-0.134535	-0.118308	-0.0932511
4.56628814421193	-0.124569	-0.124855	-0.167658	-0.167546	-0.160515	-0.104708
4.50291218887719	-0.120703	-0.115112	-0.140791	-0.125377	-0.119495	-0.0874548
4.43039164348273	-0.0598281	-0.06625	-0.0713035	-0.0809352	-0.0679544	-0.0378893
4.40815501016827	-0.0551972	-0.0595237	-0.0819494	-0.0673646	-0.0713376	-0.0270711
4.43805050669535	-0.0807878	-0.086114	-0.0979492	-0.113712	-0.0879316	-0.0509899
4.5787694237652	-0.162301	-0.193674	-0.160887	-0.190013	-0.16688	-0.130023
4.28686446378747	-0.0908374	-0.0795224	-0.115218	-0.130688	-0.115823	-0.0524424
4.78248792138987	-0.132688	-0.126777	-0.122996	-0.137726	-0.1064	-0.0832971
4.58423293261611	-0.0892793	-0.106515	-0.0996723	-0.109902	-0.0991411	-0.0681006
4.64780905948244	-0.000477852	-0.0145861	-0.0365972	-0.0265099	-0.00222012	0.0237455
4.49727824076608	-0.058411	-0.0636466	-0.0709926	-0.0823682	-0.0687595	-0.0251526
4.55624486108365	-0.04141	-0.05923	-0.0635469	-0.0756301	-0.0692701	-0.0019517
4.62364960312134	-0.0992591	-0.0972157	-0.0975715	-0.0980391	-0.101338	-0.0457371
4.43221558546012	-0.08346	-0.0948713	-0.104352	-0.117918	-0.09494	-0.0481998
4.54826856424327	-0.0752569	-0.0731915	-0.0935053	-0.0815449	-0.0667403	-0.0385911
4.76191303880903	-0.107182	-0.098267	-0.126098	-0.119018	-0.103171	-0.0704776
4.47499550618697	-0.0228392	-0.0155139	-0.0168877	-0.0361738	-0.00886991	0.00282617
4.1630746735859	-0.0692186	-0.0675152	-0.0918537	-0.0917087	-0.0628874	-0.0297689
4.45439884707359	-0.159669	-0.155062	-0.167153	-0.164951	-0.159851	-0.123931
3.98735044020364	-0.0199497	-0.0226261	-0.0454463	-0.0399005	-0.0048609	0.0116749
4.47431854098616	-0.0739575	-0.0609174	-0.0773579	-0.0826312	-0.0640264	-0.0327912
4.51336437523538	-0.130026	-0.144374	-0.133052	-0.131326	-0.144458	-0.108175
4.8747697562614	-0.0866716	-0.136591	-0.125915	-0.146624	-0.119401	-0.0521787
4.50570942533024	-0.0544533	-0.0437543	-0.0630182	-0.0809677	-0.0685624	-0.0203888
4.39949546827072	-0.143872	-0.157781	-0.165792	-0.159525	-0.176565	-0.0975537
4.42147186497024	-0.0670912	-0.0613111	-0.0477742	-0.0909341	-0.0721833	-0.0300483
4.18922711394716	0.00644891	0.0098372	0.0160449	-0.000189165	0.0028045	0.0473792
4.69380009917458	-0.04503	-0.0478887	-0.0462217	-0.0678935	-0.0521945	-0.0177896
4.65136971300091	-0.0879467	-0.0872399	-0.0761478	-0.0860266	-0.0918038	-0.0290499
4.67711368757051	-0.044915	-0.0457543	-0.0547896	-0.0745773	-0.0478363	-0.0103335
4.56562251199717	-0.0886308	-0.0870275	-0.100051	-0.120009	-0.0758429	-0.0534411
4.55088532848548	-0.183996	-0.184647	-0.227225	-0.209	-0.206788	-0.161098
4.40263786167446	-0.0676978	-0.0795571	-0.0815913	-0.0977106	-0.0930747	-0.0521301
4.30237573859052	-0.12909	-0.149565	-0.15049	-0.167455	-0.170712	-0.101113
4.10066384892104	-0.127514	-0.134519	-0.144025	-0.158769	-0.111564	-0.101566
4.59493921112204	-0.0312696	-0.0338216	-0.0521766	-0.0573549	-0.0390385	-0.00726837
4.51067304490629	-0.110646	-0.111308	-0.143241	-0.113722	-0.108043	-0.0743359
4.61959721082537	-0.0890863	-0.115801	-0.115982	-0.114295	-0.114014	-0.050904
4.52281984975337	-0.0371327	-0.0403963	-0.0274573	-0.0514538	-0.0550432	-0.00662077
4.6792920202986	-0.0868925	-0.111371	-0.110572	-0.111673	-0.0904658	-0.0393432
4.57253356150608	-0.155574	-0.149451	-0.158211	-0.154257	-0.148153	-0.116303
4.56781453768553	-0.110551	-0.125493	-0.130785	-0.132375	-0.127066	-0.0923909
4.50249481984265	-0.0818529	-0.0810628	-0.0990643	-0.0840665	-0.0664402	-0.0491428
4.33222711621081	-0.00208636	-0.0285514	-0.044158	-0.0117846	-0.0191303	0.0205443
4.25882789621376	-0.0939654	-0.0794518	-0.0912922	-0.104218	-0.0970793	-0.0671596
4.39615504659227	-0.129208	-0.126015	-0.153445	-0.145244	-0.153432	-0.0958863
4.61025396269794	-0.0723127	-0.0737767	-0.0849361	-0.0704459	-0.0838246	-0.0398486
4.72155478899811	-0.115187	-0.117401	-0.128101	-0.130076	-0.12373	-0.0870036
4.81745058637272	-0.124402	-0.115117	-0.125077	-0.125314	-0.111932	-0.0668883
4.40730485632494	-0.0953074	-0.0814808	-0.118393	-0.114838	-0.0874949	-0.0586669
4.54448403286016	-0.1103	-0.112164	-0.111879	-0.119488	-0.103054	-0.0677195
4.54117318926605	-0.0601756	-0.0493277	-0.0865921	-0.0848149	-0.0632864	-0.0234099
4.50663773079112	-0.137615	-0.134388	-0.144726	-0.154978	-0.142541	-0.112536
4.02636405515337	-0.158998	-0.16757	-0.190276	-0.175406	-0.184808	-0.113997
4.44156787074073	-0.070908	-0.0799631	-0.0664289	-0.064134	-0.07673	-0.038496
4.32889317586564	-0.118331	-0.126896	-0.151517	-0.15684	-0.140933	-0.108176
4.21261504369258	-0.12721	-0.137143	-0.164497	-0.162951	-0.144486	-0.0932459
4.42209354839457	-0.000834001	0.0114576	-0.0279728	-0.0375888	-0.0356624	0.0357568
4.15762679442998	-0.116144	-0.119418	-0.116879	-0.134589	-0.12773	-0.0844738
4.30206770925221	-0.0481186	-0.0536343	-0.0689087	-0.0726574	-0.0543508	-0.0131353
4.66244334355254	-0.0979636	-0.0943039	-0.08377	-0.102312	-0.0935083	-0.0689162
4.54389090783912	-0.0748799	-0.0755674	-0.101442	-0.0783288	-0.0788252	-0.0620249
4.21936462386502	-0.108537	-0.117123	-0.125181	-0.12543	-0.113229	-0.0735745
4.21485255395669	-0.0493406	-0.0428432	-0.0615154	-0.069756	-0.0619983	-0.00400587
4.47880215414335	-0.10759	-0.0886235	-0.119764	-0.117117	-0.109156	-0.0579137
4.47488400603791	-0.120594	-0.118868	-0.133141	-0.138514	-0.142238	-0.0933216
4.31604412554318	-0.0802559	-0.078722	-0.101158	-0.0904014	-0.0719187	-0.0569299
4.22091193881129	-0.0970636	-0.10439	-0.123781	-0.14207	-0.116381	-0.0612256
4.14807994406983	-0.0354056	-0.0233278	-0.0455309	-0.0461821	-0.0395636	0.00378394
4.72670660471923	-0.0661289	-0.0826947	-0.0956917	-0.0985736	-0.0886414	-0.0209153
4.23566616934666	-0.149348	-0.14792	-0.173735	-0.163304	-0.149739	-0.116153
4.67003318897848	-0.0330029	-0.0539327	-0.0524826	-0.0704127	-0.0405358	-0.00319775
4.58368319255055	-0.0862761	-0.0945487	-0.0999714	-0.109845	-0.0902245	-0.0608516
4.66283242170041	-0.0605857	-0.0762126	-0.0629956	-0.0774664	-0.0714885	-0.0174012
4.2290520262629	-0.160899	-0.149824	-0.136457	-0.163363	-0.15517	-0.118319
4.62451265324657	-0.0519833	-0.0673995	-0.06216	-0.0558544	-0.0573767	-0.0259528
4.67230307859425	-0.123267	-0.118222	-0.115307	-0.126314	-0.106658	-0.0606538
4.4728970324028	-0.176456	-0.156215	-0.171563	-0.178003	-0.170942	-0.12854
4.52839401205025	-0.0808089	-0.0629563	-0.0972303	-0.0861265	-0.0731564	-0.0600316
4.49339714071142	-0.166432	-0.176862	-0.171926	-0.185772	-0.176189	-0.149921
4.51485760833908	-0.056395	-0.0731735	-0.0639269	-0.0789427	-0.0563095	-0.0241266
4.62451986006096	-0.136972	-0.140173	-0.143284	-0.162935	-0.130812	-0.126934
4.61933981264996	-0.0705452	-0.0704178	-0.074789	-0.0897821	-0.031311	-0.0338082
4.44512008781335	-0.123772	-0.110173	-0.11605	-0.132727	-0.116096	-0.0678861
4.4916454329996	-0.0930653	-0.107727	-0.111047	-0.129685	-0.132047	-0.0973579
4.64995724154148	-0.0176705	-0.02294	-0.040694	-0.0264827	-0.0162929	-0.00652623
4.62352717104428	-0.172201	-0.163401	-0.192702	-0.204248	-0.179293	-0.124356
4.64591402983599	-0.0922378	-0.0965624	-0.106776	-0.102732	-0.112761	-0.0584097
4.61394218015604	-0.101037	-0.0957256	-0.0997934	-0.133763	-0.0952131	-0.073411
4.0140124166029	-0.115414	-0.114178	-0.111684	-0.11996	-0.11521	-0.0657325
4.21294399926291	-0.0545994	-0.0660357	-0.103746	-0.0739658	-0.0590629	-0.0210716
4.26418363008775	-0.134107	-0.134191	-0.144673	-0.137109	-0.139164	-0.0884428
3.93249459551213	-0.109619	-0.125344	-0.112863	-0.143892	-0.131517	-0.0879763
4.40302830471286	-0.163865	-0.183172	-0.204502	-0.196481	-0.200952	-0.132394
4.16714974807351	-0.163123	-0.187601	-0.18581	-0.182682	-0.18491	-0.123749
4.44977704362476	-0.0617285	-0.077615	-0.0671797	-0.0983401	-0.0906152	-0.0174976
4.34878919542917	-0.118692	-0.127421	-0.13505	-0.164756	-0.117794	-0.0850159
4.56258839059543	-0.0864829	-0.0904784	-0.0841129	-0.114436	-0.106414	-0.0752254
4.61493536398499	-0.0776473	-0.0948635	-0.115795	-0.109462	-0.0972221	-0.0498766
3.85601762812209	-0.0688572	-0.0739505	-0.081414	-0.0858894	-0.0570346	-0.0123865
4.56753397099795	-0.0952046	-0.105637	-0.117325	-0.133347	-0.104512	-0.0717042
4.35226234483554	-0.0707502	-0.0960957	-0.109921	-0.10432	-0.109409	-0.039043
4.59759711463256	-0.0862333	-0.0993692	-0.0970365	-0.137543	-0.103561	-0.0578391
4.3530938986394	-0.0504494	-0.04463	-0.0636225	-0.0693979	-0.063699	-0.00374617
4.63884756794511	-0.0615954	-0.0538447	-0.0710508	-0.0741848	-0.0648348	-0.0403065
4.65051608216367	-0.0908661	-0.0808686	-0.0984645	-0.103671	-0.122358	-0.0565768
4.26176172315597	-0.0191551	-0.0197678	-0.054427	-0.0541522	-0.0368655	0.0091532
4.83386472768938	-0.0696797	-0.0711016	-0.0949937	-0.0904474	-0.0748044	-0.0484433
4.61948835072667	-0.0980947	-0.10895	-0.115272	-0.143766	-0.105755	-0.0739972
4.56419682491724	-0.0846868	-0.0815148	-0.0947645	-0.100628	-0.103319	-0.0530321
4.60051812290018	-0.14582	-0.144344	-0.166184	-0.164886	-0.136973	-0.108535
4.76011580066456	-0.0894513	-0.0717508	-0.0691762	-0.0926859	-0.112754	-0.0447577
4.75927223913272	-0.0145799	-0.0228779	-0.0381188	-0.0507539	-0.0385706	0.0119271
4.48724661139154	-0.05262	-0.0572919	-0.075872	-0.0574322	-0.0377914	-0.0141576
4.52257746504949	-0.037465	-0.0490474	-0.061619	-0.0595156	-0.075248	-0.015844
4.67216589594195	-0.120165	-0.124477	-0.145912	-0.156005	-0.138566	-0.0933582
4.54827380117385	-0.0996753	-0.0972327	-0.12092	-0.14128	-0.105151	-0.0711507
4.64759882443735	-0.0890792	-0.106218	-0.0994471	-0.117611	-0.0798061	-0.0593029
4.57239689495532	-0.0715557	-0.0822565	-0.0760062	-0.0874492	-0.0779202	-0.0411901
4.3906140752911	-0.122094	-0.101946	-0.112997	-0.131349	-0.111722	-0.0894091
4.7071586306618	-0.070298	-0.0659875	-0.086604	-0.0863189	-0.0644115	-0.030191
4.62637828541801	-0.076084	-0.0676215	-0.102745	-0.116559	-0.085774	-0.0593982
4.82247069734383	-0.0769403	-0.0912489	-0.114955	-0.104006	-0.110529	-0.0434493
4.33342100275877	-0.0898536	-0.0846016	-0.0710539	-0.0929971	-0.0771452	-0.0693742
4.37247781606844	-0.0537853	-0.0650806	-0.0795341	-0.0736997	-0.0545684	-0.0209907
4.38348226446919	-0.114059	-0.123873	-0.105368	-0.127695	-0.102303	-0.0770513
4.03155112532714	-0.0611188	-0.0641485	-0.0792038	-0.0722042	-0.0691895	-0.0381644
4.74438286981859	-0.0527624	-0.0633583	-0.0673352	-0.0686802	-0.0607257	-0.0232394
4.8355505645849	-0.0823253	-0.0977268	-0.10968	-0.123373	-0.0937298	-0.0636851
4.70178525121253	-0.036633	-0.0541944	-0.0688284	-0.0581888	-0.0366624	0.000872546
4.16025283600406	-0.146916	-0.141158	-0.156135	-0.149157	-0.139926	-0.0916377
4.78813438903144	-0.0428294	-0.06479	-0.0524417	-0.0857047	-0.0551038	-0.00542267
4.81076482766227	-0.0569891	-0.038258	-0.0716115	-0.0999895	-0.0684646	-0.0441093
4.68727451542175	-0.1448	-0.131722	-0.131348	-0.138825	-0.136453	-0.080108
4.41298148325978	-0.101386	-0.0951783	-0.101639	-0.131147	-0.117286	-0.0753525
4.48031976937305	-0.0952532	-0.0985331	-0.0987021	-0.0927426	-0.103924	-0.0643573
4.64615350068836	-0.0535914	-0.0461191	-0.0653006	-0.0634503	-0.069549	0.00934686
4.46814848484542	-0.140464	-0.130049	-0.133794	-0.17724	-0.151887	-0.116601
4.49251822914516	-0.0902902	-0.0773146	-0.109046	-0.12029	-0.0790097	-0.0639449
4.20415443643477	-0.046843	-0.0521329	-0.062288	-0.0489819	-0.0496293	-0.00999983
4.60856328459131	-0.121774	-0.138009	-0.167989	-0.144319	-0.154032	-0.0959964
4.69992895881085	-0.114487	-0.127497	-0.122051	-0.141264	-0.127704	-0.0800255
4.2547310247608	-0.129398	-0.128962	-0.132961	-0.149526	-0.122268	-0.0806591
4.65812158505311	-0.0670079	-0.0489341	-0.066238	-0.0813761	-0.0630868	-0.0304542
4.29486388855872	-0.130281	-0.134309	-0.122603	-0.154619	-0.145965	-0.0824673
4.37139150228299	-0.106896	-0.127095	-0.130527	-0.156628	-0.111074	-0.086715
4.56655664249017	-0.0336418	-0.0476652	-0.0242859	-0.0444089	-0.0344498	-0.00350393
4.12538769843489	-0.13592	-0.156206	-0.184075	-0.155812	-0.163508	-0.088913
4.58583550405159	-0.106449	-0.118035	-0.101363	-0.129819	-0.127637	-0.0642317
4.42814449610875	-0.106746	-0.0955193	-0.121991	-0.10853	-0.0782698	-0.0687735
4.7209126065704	-0.0735042	-0.093123	-0.0961945	-0.0872388	-0.0834492	-0.0264412
4.3652846837662	-0.0960727	-0.0931047	-0.0882696	-0.0789997	-0.0865838	-0.0461403
4.46583218162285	-0.0417559	-0.0380073	-0.0466823	-0.049673	-0.0542877	-0.000453821
4.40286120975114	-0.00943283	-0.0155411	-0.0327594	-0.045902	-0.0102228	0.0154456
4.42597132727844	-0.106599	-0.112863	-0.0855385	-0.132145	-0.0911663	-0.0759762
4.59102876186041	-0.021499	-0.0222699	-0.0330014	-0.0443265	-0.0313309	0.0101338
4.71181744188663	-0.109107	-0.111644	-0.117276	-0.142208	-0.0913626	-0.0667116
4.36563816886294	-0.0871495	-0.110873	-0.104036	-0.0999939	-0.0980342	-0.0553184
4.58172610979271	-0.0698488	-0.0866487	-0.083927	-0.100242	-0.0786512	-0.048261
4.70326453306064	-0.0588365	-0.075369	-0.0986745	-0.110395	-0.0866951	-0.021591
4.56819906443224	-0.127533	-0.13305	-0.155939	-0.161655	-0.12719	-0.123695
4.65731174371536	-0.0792372	-0.0723951	-0.0989076	-0.0859125	-0.0683496	-0.0457865
4.73927110188205	-0.0621794	-0.0651321	-0.0820238	-0.0962311	-0.0894464	-0.038413
4.43558327714793	-0.103257	-0.118529	-0.126935	-0.132625	-0.135974	-0.0933636
4.01772730944508	-0.163763	-0.167812	-0.171324	-0.16452	-0.156925	-0.12439
4.52120090212311	-0.0800954	-0.0620006	-0.0948464	-0.109877	-0.0879236	-0.0556466
4.40590764639953	-0.0773061	-0.101314	-0.0929236	-0.100838	-0.0862032	-0.0505361
4.68887584810087	-0.0812053	-0.0741853	-0.100116	-0.092987	-0.104808	-0.0580601
4.70271186132709	-0.0436875	-0.0533713	-0.0763496	-0.0765848	-0.0543777	-0.00197359
4.7198674881939	-0.0437031	-0.05501	-0.0666759	-0.0597743	-0.0475802	-0.0160224
4.65128488327928	-0.16554	-0.138459	-0.171226	-0.160056	-0.138978	-0.116872
4.56560227944866	-0.0952809	-0.100238	-0.121082	-0.132427	-0.118642	-0.0802105
4.42930501740488	-0.141244	-0.138042	-0.172278	-0.135498	-0.14317	-0.0984146
4.45066660774036	-0.148104	-0.150492	-0.154084	-0.188436	-0.163476	-0.127468
4.23231767215793	-0.0313735	-0.0456211	-0.0622014	-0.0377131	-0.0360818	-0.0103411
4.73079978217871	-0.0344289	-0.0518185	-0.0429589	-0.0530017	-0.0410227	-0.00675796
4.65274694685422	-0.127961	-0.130549	-0.138924	-0.129514	-0.119557	-0.109687
3.54747003016454	-0.110907	-0.11724	-0.130739	-0.114976	-0.119823	-0.05911
4.49040088685991	-0.0176281	-0.0307262	-0.0251698	-0.0370483	-0.027868	0.0112754
3.90843048482974	-0.140554	-0.157914	-0.128954	-0.152278	-0.135069	-0.086646
4.42762617073025	-0.0999511	-0.0922966	-0.1332	-0.117685	-0.116235	-0.0672106
4.64425817924124	-0.0989924	-0.0972569	-0.106415	-0.127426	-0.122041	-0.0750147
4.44924088984423	-0.109802	-0.11862	-0.123971	-0.11768	-0.111424	-0.071608
4.54566514453519	-0.0233924	-0.0420891	-0.0397359	-0.0509683	-0.0258486	-0.0116506
4.52434442273909	-0.0890801	-0.079425	-0.0943714	-0.0991535	-0.0928599	-0.0524714
4.48210800594776	-0.143228	-0.138632	-0.144322	-0.174366	-0.152939	-0.110464
4.80223762784882	-0.0822465	-0.103855	-0.102671	-0.10298	-0.103014	-0.0491284
4.83114714470173	-0.0511485	-0.0504395	-0.0658642	-0.0702013	-0.0426614	-0.0284736
4.74242845272884	-0.100656	-0.105528	-0.102822	-0.12377	-0.0931408	-0.0756867
4.76523483362002	0.00932829	0.0323557	-0.0153948	-0.00860811	0.00211421	0.0526651
4.06386411672249	-0.0695589	-0.0553085	-0.0826853	-0.0698189	-0.0588971	-0.0452343
3.79214607802411	-0.0512928	-0.0621526	-0.0700654	-0.0677984	-0.0848035	-0.00410511
4.70527280601737	-0.0552196	-0.0628849	-0.0949656	-0.116947	-0.0792953	-0.0379569
4.58918941325878	-0.0158986	-0.0247211	-0.0165601	-0.0421495	-0.00946427	0.0162803
4.70537634709922	-0.00452052	-0.0141276	-0.0202281	-0.0287357	-0.0258817	0.0166948
4.56717989536176	-0.144796	-0.154025	-0.166271	-0.1845	-0.164581	-0.0950993
4.75312237912697	-0.070769	-0.0590078	-0.0716371	-0.0939221	-0.0811327	-0.0248355
4.42724660976184	-0.074177	-0.0771617	-0.0903418	-0.0801909	-0.0706755	-0.0223748
4.55869634473388	-0.110393	-0.116836	-0.144368	-0.133719	-0.122293	-0.0801747
4.35318630133193	-0.100684	-0.0897634	-0.0936726	-0.110756	-0.0936494	-0.0810724
4.41642098930357	-0.0768341	-0.0927244	-0.0918206	-0.107296	-0.0842626	-0.0536734
4.73478737156064	-0.167599	-0.166312	-0.147954	-0.147532	-0.139801	-0.114224
4.54737012282816	-0.0434079	-0.0637634	-0.0745881	-0.0472702	-0.0454949	-0.00553897
4.60612946388047	-0.0399996	-0.0253675	-0.0275125	-0.0481136	-0.0333112	-0.00403932
4.73079060564052	-0.127288	-0.135536	-0.144184	-0.153675	-0.121169	-0.0970541
4.31726304953773	-0.123811	-0.110151	-0.118	-0.110524	-0.100143	-0.0806907
4.65135868289345	-0.0817203	-0.0727165	-0.0877632	-0.109122	-0.0842262	-0.0272522
4.20389539284575	-0.115272	-0.131716	-0.115358	-0.142281	-0.107781	-0.0695567
4.3162026554239	-0.0658366	-0.0816886	-0.116783	-0.109097	-0.10718	-0.0343067
4.70161755993352	-0.0528896	-0.0554013	-0.0512158	-0.074663	-0.0707573	-0.0230341
4.24545770211539	-0.119048	-0.118515	-0.140407	-0.140169	-0.103529	-0.0695183
4.50954334903686	-0.0525966	-0.033529	-0.0342104	-0.0513604	-0.0520375	-0.0180055
4.25689683269885	-0.126188	-0.13575	-0.147445	-0.165797	-0.161849	-0.0930213
4.59747074771013	-0.0591551	-0.0718568	-0.0600825	-0.0649304	-0.076071	-0.0331331
4.28538882345763	-0.0301602	-0.0335079	-0.0186084	-0.0497367	-0.0391498	0.0126544
4.79439173794915	-0.102971	-0.106766	-0.103563	-0.105872	-0.107468	-0.0681665
4.16648588875137	-0.0437896	-0.0519949	-0.0321581	-0.0709618	-0.0317165	0.00266965
4.69616312367538	-0.0897683	-0.0858011	-0.0889633	-0.0743776	-0.0733968	-0.0563632
4.53182590304636	-0.129353	-0.113952	-0.123954	-0.160757	-0.135016	-0.0832504
4.5672614343341	-0.111486	-0.114451	-0.122662	-0.116436	-0.0975286	-0.0837811
4.28921317119551	-0.14884	-0.161859	-0.161321	-0.191576	-0.160376	-0.126992
4.41579407563446	0.022926	0.0337824	0.0191871	0.021185	0.0163018	0.0427817
4.39886763042901	-0.0692344	-0.0819284	-0.074148	-0.0887366	-0.0789753	-0.032857
4.63170967838892	-0.0697285	-0.101774	-0.0936859	-0.100729	-0.0621745	-0.0327376
4.61019520862338	-0.130906	-0.121664	-0.115822	-0.135583	-0.12626	-0.100044
4.42011754475321	-0.110753	-0.126274	-0.154801	-0.153401	-0.143099	-0.0792709
4.73488052745163	-0.0743945	-0.0766415	-0.0784714	-0.0763715	-0.0801168	-0.0363305
4.77076967757324	-0.127018	-0.135285	-0.109896	-0.126721	-0.132379	-0.076585
4.38142680264561	-0.0705771	-0.0641346	-0.0718598	-0.0914327	-0.0749575	-0.040166
4.41027894054041	-0.126948	-0.122826	-0.134568	-0.133885	-0.11842	-0.0845813
4.74194663573182	-0.145334	-0.140693	-0.14443	-0.141009	-0.143817	-0.0996458
4.76367967981489	-0.0993442	-0.0911095	-0.107923	-0.105586	-0.101558	-0.0695163
4.39400973685927	-0.177152	-0.18871	-0.189819	-0.21469	-0.195831	-0.170027
4.65008879857923	-0.160087	-0.158076	-0.192453	-0.18668	-0.156257	-0.130406
4.5539722302979	-0.0532365	-0.0688846	-0.0773161	-0.0878867	-0.0720625	-0.0238735
4.69410892202433	-0.0573051	-0.0524258	-0.0673383	-0.0594886	-0.0588157	-0.00292928
4.68222281790609	-0.10429	-0.125	-0.123598	-0.133621	-0.113893	-0.0727708
4.41639578718135	-0.0477923	-0.0696688	-0.0833789	-0.0844273	-0.070656	-0.0226484
4.4145367828765	0.00803996	0.001666	-0.00823602	-0.0397579	-0.0137709	0.0407893
4.63215983814547	-0.0549202	-0.0736389	-0.0895961	-0.0944325	-0.0882402	-0.0218341
4.75987899124168	-0.0931812	-0.105299	-0.0939611	-0.0951834	-0.120004	-0.068542
4.65129471959879	-0.0734285	-0.0735599	-0.103743	-0.0775195	-0.0762168	-0.0350968
4.74908876191145	-0.044236	-0.0472815	-0.047139	-0.0668925	-0.0315776	0.016282
4.63632648609916	-0.0618988	-0.0680472	-0.0856374	-0.0855846	-0.0283897	-0.0409278
4.47816222572295	-0.11569	-0.117885	-0.138606	-0.139936	-0.134562	-0.074815
4.61421444236597	-0.127272	-0.130718	-0.122993	-0.133754	-0.115583	-0.0900823
4.50655567305158	-0.104249	-0.116299	-0.118225	-0.134991	-0.125381	-0.082265
4.66813460620323	-0.0583582	-0.0419143	-0.0460346	-0.0689096	-0.0283256	-0.018804
4.60624061230772	-0.102703	-0.0986708	-0.126176	-0.11871	-0.112809	-0.0706555
4.54792030772598	-0.0533495	-0.0644136	-0.0721399	-0.0879251	-0.0818174	-0.0112938
4.00089166481573	-0.108931	-0.118712	-0.100937	-0.137862	-0.122779	-0.0728199
4.74329350709043	-0.0991023	-0.121039	-0.120548	-0.116882	-0.115621	-0.0622802
4.17360777665538	-0.0482331	-0.0608393	-0.0410444	-0.0510683	-0.0450691	-0.0135154
4.59518353740111	-0.117817	-0.123093	-0.130158	-0.16602	-0.141391	-0.105319
4.48256357355556	-0.076325	-0.0827449	-0.100004	-0.115867	-0.0840608	-0.0640794
4.82843059588565	-0.0722803	-0.089386	-0.103326	-0.114202	-0.0930974	-0.036844
4.29048113075626	-0.0733455	-0.0650698	-0.0870752	-0.1015	-0.0870146	-0.0394904
4.70633365507965	-0.020869	-0.0404393	-0.0192069	-0.0422693	-0.047643	0.00665209
4.24266782073723	-0.0766332	-0.0687906	-0.0682042	-0.0736411	-0.0615574	-0.0406914
4.59570255636908	-0.093454	-0.111406	-0.100609	-0.116484	-0.0894317	-0.0622123
4.3650214355094	-0.167944	-0.145148	-0.176754	-0.189113	-0.178865	-0.137466
4.71844760684533	-0.0918685	-0.116212	-0.106824	-0.136643	-0.10267	-0.0651502
4.75375027683112	-0.0926148	-0.0813172	-0.0910167	-0.0924446	-0.0844631	-0.0447902
4.32543006869823	-0.0912115	-0.105027	-0.126604	-0.107294	-0.106997	-0.0587123
4.65204404158176	-0.00774868	-0.0236752	-0.0172015	-0.0217399	-0.0282418	0.0146721
4.60253267006977	-0.123098	-0.112361	-0.166416	-0.153832	-0.114974	-0.0809764
4.53459653697797	-0.0242894	-0.0188601	-0.034859	-0.0602933	-0.0620925	0.0136209
4.68651233420559	-0.141558	-0.129963	-0.147913	-0.13311	-0.123832	-0.0939481
4.48680140379505	-0.16207	-0.152337	-0.176032	-0.157128	-0.151657	-0.130696
4.71779488745121	-0.0604178	-0.0451933	-0.0531198	-0.0461386	-0.048799	-0.0284041
4.54342619373043	-0.0865571	-0.0804993	-0.0780593	-0.0881269	-0.0717358	-0.054651
4.57256666402996	-0.0100111	-0.00571529	-0.0299433	-0.0548615	-0.0210083	0.0119334
4.46932591325855	0.00353935	-0.00396188	0.0076723	-0.00234489	0.00812425	0.0350281
4.60914221605125	-0.0480464	-0.0602835	-0.0664404	-0.0500074	-0.043993	-0.00581451
4.75991248737163	-0.129715	-0.140147	-0.136281	-0.143104	-0.122839	-0.109741
4.55432559914904	-0.0661949	-0.0580559	-0.0614702	-0.100396	-0.0785565	-0.0445384
4.6245842709009	-0.037348	-0.0492196	-0.0614565	-0.0665276	-0.0532929	0.000455276
4.51078767029148	-0.108878	-0.102992	-0.0974565	-0.124393	-0.106182	-0.0789163
4.6891956511408	-0.0770653	-0.0728207	-0.0825666	-0.0613277	-0.0469918	-0.0577924
4.81811283996509	-0.137472	-0.127439	-0.163254	-0.15352	-0.13015	-0.0871528
4.46029767694462	-0.0248054	-0.0229265	-0.0494241	-0.0485567	-0.0193347	0.00731074
4.76915284694964	-0.028692	-0.0364585	-0.0513213	-0.0240118	-0.0505786	-0.00442868
4.39012857466021	-0.0518098	-0.0427535	-0.0370557	-0.0493594	-0.0164482	0.00782926
4.62965146936705	-0.0319424	-0.0364029	-0.0711771	-0.0485037	-0.0432158	-0.00581947
4.68227406424862	-0.114051	-0.119515	-0.115849	-0.141542	-0.106963	-0.0838841
4.63143613972772	-0.0882261	-0.0983936	-0.114	-0.123874	-0.0895132	-0.0520054
4.44895888382101	-0.0489778	-0.0576478	-0.0624475	-0.0778541	-0.0650436	-0.00132095
4.52066633912951	-0.0849091	-0.0765976	-0.103724	-0.106816	-0.0844226	-0.0587382
4.03783460979166	-0.120724	-0.123237	-0.137277	-0.143277	-0.119696	-0.0997489
4.65725574697886	-0.108722	-0.114392	-0.108585	-0.140414	-0.121434	-0.0849755
4.42986549742609	-0.0721677	-0.074301	-0.0827956	-0.0867084	-0.070007	-0.0453894
4.81529900118523	-0.0614828	-0.0813706	-0.0924954	-0.083597	-0.0722358	-0.0524408
4.67750798160857	-0.0864773	-0.0983805	-0.121139	-0.108161	-0.0834661	-0.0695093
4.63523427710303	-0.0937323	-0.100083	-0.115054	-0.115511	-0.0913106	-0.073739
4.6512437713566	-0.0541923	-0.0443793	-0.0758482	-0.0817112	-0.0775125	-0.0514568
4.63496813766809	-0.0825651	-0.0919546	-0.0990668	-0.107767	-0.10313	-0.0417449
4.71239760959046	-0.0695185	-0.062302	-0.0745812	-0.0702991	-0.0713177	-0.041396
4.53933161011011	-0.0430573	-0.0323825	-0.063641	-0.0716731	-0.063907	0.00590264
4.68051210089188	-0.130003	-0.123861	-0.134849	-0.144602	-0.116173	-0.0988808
4.4613929248127	-0.132941	-0.129235	-0.150569	-0.163595	-0.13285	-0.0777697
4.54402014196708	-0.105755	-0.106711	-0.120455	-0.128673	-0.135164	-0.0584724
4.75823850601293	-0.103371	-0.101245	-0.0959111	-0.0879143	-0.105864	-0.0689644
4.50529062459239	-0.0435299	-0.044497	-0.015676	-0.0517228	-0.0351571	-0.0158084
4.10075113947778	-0.0904848	-0.0922492	-0.103489	-0.122911	-0.08295	-0.0697758
4.54268377935593	-0.10648	-0.0853195	-0.0924033	-0.0991342	-0.0847349	-0.0757758
4.62680039171697	-0.0962189	-0.112126	-0.125248	-0.125995	-0.0973742	-0.0598903
4.40876855036199	-0.0628351	-0.0615992	-0.0726799	-0.103948	-0.0863427	-0.0161298
4.45322055162906	-0.0783438	-0.0842861	-0.0883994	-0.0911891	-0.0813891	-0.0479282
4.18225029771897	-0.0924525	-0.0900959	-0.126846	-0.112639	-0.0971627	-0.0466909
4.54227599751689	-0.104897	-0.128333	-0.131541	-0.13486	-0.126625	-0.0706149
4.5102458411892	-0.0661371	-0.0790005	-0.0805788	-0.0919685	-0.0676286	-0.0193709
4.55770424220933	-0.0906992	-0.102851	-0.120856	-0.105673	-0.112482	-0.0506043
4.29827691848101	-0.140699	-0.166158	-0.158189	-0.185124	-0.143935	-0.122889
4.59490899130543	-0.125595	-0.113259	-0.148905	-0.133956	-0.143472	-0.105228
4.73809948988111	-0.0693075	-0.0667366	-0.0736326	-0.0805785	-0.0474295	-0.0244067
4.740172306634	-0.0622288	-0.070234	-0.110793	-0.0985863	-0.0703173	-0.0461388
4.58966259516902	-0.104952	-0.120549	-0.135338	-0.118348	-0.11203	-0.065719
4.70565544825157	-0.0595186	-0.0332126	-0.0883079	-0.060258	-0.0831972	-0.0116444
4.65601641282829	-0.0295363	-0.0300448	-0.0331699	-0.0333226	-0.0123019	0.000278632
4.34964476369758	-0.0170737	-0.044537	-0.0282022	-0.0446456	-0.00913979	0.0013793
4.46952724051062	-0.131567	-0.12871	-0.131926	-0.135894	-0.136952	-0.0865538
4.3970122758766	-0.102102	-0.092822	-0.0868856	-0.121966	-0.07567	-0.0564921
4.32816682063276	-0.161568	-0.163297	-0.164806	-0.193579	-0.168891	-0.118518
4.47727384920275	-0.115871	-0.108583	-0.146799	-0.134071	-0.124438	-0.0807159
4.79760505160507	-0.0540035	-0.0554655	-0.0629858	-0.0631542	-0.0486897	-0.0294569
4.25749069998284	0.0237155	0.0178376	-0.0123605	-0.0137725	0.00635074	0.0443591
4.72106998044759	-0.0763084	-0.101281	-0.101621	-0.113285	-0.0995447	-0.0610305
4.39424299011699	0.00158512	-0.0242429	-0.00675123	-0.00431724	0.0109911	0.0423764
4.70365877513776	-0.0813372	-0.0799885	-0.0962233	-0.104125	-0.092372	-0.0677069
4.41727135042012	-0.061932	-0.0578261	-0.110996	-0.0807436	-0.0737131	-0.0397838
4.63119534373292	-0.150168	-0.153402	-0.148322	-0.16803	-0.161501	-0.133268
4.17836739326037	-0.0667912	-0.0676701	-0.0823309	-0.0933135	-0.0696081	-0.0257984
4.69726796692305	-0.133322	-0.124472	-0.14198	-0.139589	-0.153807	-0.0823231
4.51401693520131	-0.0994034	-0.10872	-0.106986	-0.135937	-0.120866	-0.0785536
4.66254542046027	-0.0228581	-0.043397	-0.0441947	-0.0469032	-0.0362706	0.000209269
4.3340428963255	0.0335543	0.0477982	0.00562383	-0.0159162	0.00601532	0.0655252
4.56116131580507	-0.0598398	-0.0815433	-0.105726	-0.0957329	-0.0881585	-0.0421138
4.73262495479818	-0.0853274	-0.0898546	-0.118414	-0.108883	-0.10746	-0.0684957
4.52586230533486	-0.134428	-0.126767	-0.130427	-0.139038	-0.12592	-0.0925808
4.40247184364831	-0.132839	-0.14753	-0.178739	-0.168334	-0.149866	-0.104621
4.65813035599109	-0.080754	-0.0866453	-0.0886657	-0.0844754	-0.0779307	-0.0429266
4.47283701830442	-0.0906087	-0.100614	-0.106089	-0.0934615	-0.104312	-0.0614779
4.37764008889493	-0.153902	-0.160492	-0.1383	-0.170403	-0.149884	-0.115709
4.67515503772737	-0.166715	-0.167346	-0.196381	-0.19871	-0.163001	-0.124992
4.49006441724495	-0.00632662	-0.0101662	-0.0105717	-0.0381079	-0.0192206	0.0197023
4.55159342948217	-0.00666992	-0.0255118	-0.0175649	-0.0417486	-0.0138096	0.0100474
3.8457737982698	-0.0447614	-0.0483908	-0.0659012	-0.0582532	-0.0579824	-0.0344318
4.48301034212	-0.00250468	-0.0147227	-0.0360378	-0.0538816	-0.0259079	0.0140502
4.70921981275052	-0.0814713	-0.0818631	-0.0819234	-0.104525	-0.0848843	-0.0467498
4.1734119966228	-0.116637	-0.094327	-0.128022	-0.134208	-0.0973942	-0.0845711
4.45527059214663	-0.136544	-0.138952	-0.151987	-0.157104	-0.152844	-0.113962
4.67780247237895	-0.0296951	-0.0314877	-0.0627628	-0.0512231	-0.0449504	-0.0123488
3.95510088339609	-0.0640627	-0.0674429	-0.072504	-0.0977977	-0.0824666	-0.0492794
4.23614414635874	-0.180876	-0.169039	-0.172735	-0.205476	-0.180876	-0.138505
4.7500670081918	-0.169387	-0.158507	-0.173754	-0.189119	-0.182557	-0.144264
4.84913880867081	-0.130488	-0.139282	-0.162708	-0.154891	-0.142756	-0.0857643
4.32288525650715	-0.0997788	-0.0968381	-0.100075	-0.118987	-0.124134	-0.0664652
4.404923547879	-0.0352436	-0.051719	-0.0509968	-0.0727234	-0.0522967	-0.00737978
4.79614521869558	-0.0673617	-0.0703369	-0.099199	-0.0956995	-0.0696607	-0.0331214
4.63024564346433	-0.0838953	-0.0901392	-0.126296	-0.109279	-0.0897641	-0.0701389
4.23833296426798	-0.142123	-0.15253	-0.174948	-0.166703	-0.145337	-0.130027
4.30043016734473	-0.026272	-0.0318495	-0.0494019	-0.0489689	-0.0508649	-0.0138146
4.52572535277173	-0.137977	-0.144657	-0.121859	-0.164334	-0.134584	-0.114357
4.73814585700708	-0.0873405	-0.0633822	-0.0809011	-0.0728789	-0.0711568	-0.0441572
4.35886308184973	-0.124987	-0.122916	-0.133715	-0.121212	-0.132804	-0.0758244
4.69615933315493	-0.0533598	-0.057964	-0.0752354	-0.0666882	-0.0605597	-0.0168118
4.57907458995511	-0.0374853	-0.0661147	-0.0696942	-0.0598335	-0.0535188	-0.0186981
4.63739325735512	-0.138849	-0.143132	-0.183037	-0.176104	-0.153745	-0.110376
4.69431560894291	-0.131423	-0.116502	-0.144461	-0.139135	-0.137268	-0.103926
4.45385450523144	-0.0914402	-0.0901995	-0.103747	-0.126613	-0.117163	-0.051244
4.28684578790646	-0.0407545	-0.0395668	-0.0626892	-0.0609408	-0.0297783	-0.0219968
4.24823244128931	-0.100304	-0.107274	-0.11947	-0.113784	-0.135507	-0.07093
4.49691962580473	-0.0906765	-0.102907	-0.108117	-0.114794	-0.108619	-0.070348
4.72629582737878	-0.105591	-0.128212	-0.115288	-0.123316	-0.137519	-0.0951388
4.28811129318544	-0.0272114	-0.0356773	-0.0374579	-0.0362733	-0.00616195	-0.00759122
4.24498852525445	-0.0436603	-0.0508185	-0.0733487	-0.0694444	-0.074873	-0.00400485
4.68539668234361	-0.0735363	-0.0592595	-0.0919197	-0.101493	-0.0842175	-0.043773
4.63299455568074	-0.120047	-0.137047	-0.142609	-0.11635	-0.101372	-0.0885897
4.81547383709209	-0.0253882	-0.0247401	-0.0389522	-0.0513298	-0.0747006	-0.00959567
4.57270162159283	-0.110522	-0.0917617	-0.120078	-0.126741	-0.0994722	-0.069956
4.77324694481712	-0.0443675	-0.0404963	-0.0571003	-0.0524908	-0.0632385	-0.0150093
4.28587923552545	-0.0935704	-0.103689	-0.10808	-0.120432	-0.134735	-0.0618084
4.46063031021705	-0.122839	-0.130725	-0.135443	-0.130379	-0.122712	-0.102982
4.57689270127581	-0.0660409	-0.090791	-0.0698158	-0.0905648	-0.0764844	-0.0205799
4.76137198211506	-0.0666745	-0.0840196	-0.0943572	-0.0857831	-0.0651743	-0.0234269
4.36884911525491	-0.144502	-0.169175	-0.164002	-0.178666	-0.171151	-0.111978
4.69211239347843	-0.043157	-0.037367	-0.0809695	-0.0659856	-0.0559218	-0.0250667
4.33993204837496	-0.0367395	-0.0335608	-0.0225363	-0.0349154	-0.0179633	0.00852861
4.44930208783022	-0.0740317	-0.0587479	-0.0795099	-0.0802794	-0.0768091	-0.0453323
4.61859164465637	-0.096305	-0.110559	-0.100065	-0.103359	-0.0876975	-0.0971652
4.53878296867408	-0.0185979	-0.00658998	-0.0110475	-0.0386144	-0.0458061	-0.00409583
4.316229308459	-0.0872343	-0.0914659	-0.109603	-0.118018	-0.0992773	-0.0733275
4.64080650646938	-0.172811	-0.145658	-0.158432	-0.145857	-0.170954	-0.119785
4.47384664269002	-0.0561666	-0.0835973	-0.0864288	-0.0947605	-0.0977344	-0.0217029
4.49413214086717	-0.104426	-0.104747	-0.138302	-0.104386	-0.120313	-0.0477923
4.47379641221783	-0.102674	-0.114987	-0.107268	-0.127771	-0.0985061	-0.0611875
4.45415734167386	-0.0321158	-0.0475824	-0.067423	-0.0630217	-0.0597184	-0.0101065
4.72398462618202	-0.0746023	-0.071614	-0.0893381	-0.0970074	-0.0760829	-0.0416749
4.48123045508977	-0.0354298	-0.0343841	-0.0620081	-0.0572018	-0.0473452	0.0133364
4.37913786936	-0.0619732	-0.0721281	-0.0700737	-0.0869529	-0.0837663	-0.037668
4.44045959705109	-0.0972464	-0.112342	-0.118612	-0.131058	-0.105311	-0.0720197
4.72316305994312	-0.107107	-0.112684	-0.126948	-0.133848	-0.0970442	-0.0606734
4.29029842094036	-0.130591	-0.122306	-0.139576	-0.146029	-0.137879	-0.0983887
4.35025916312337	-0.180326	-0.171053	-0.172079	-0.195562	-0.191025	-0.149854
4.41695720500748	-0.0551983	-0.0566289	-0.0764031	-0.0715896	-0.0583142	-0.024483
4.51265612777793	-0.060118	-0.0723316	-0.0752002	-0.0972545	-0.0710988	-0.0400404
4.3855237896701	-0.0739512	-0.0734476	-0.114834	-0.102716	-0.0952976	-0.0491235
4.64200852057751	-0.0363066	-0.0505302	-0.0643024	-0.0714284	-0.0341465	-0.0296559
4.58946395357996	-0.0593731	-0.0739857	-0.0784899	-0.07933	-0.0777738	-0.0219054
4.4747394723077	-0.0571725	-0.0820868	-0.0709019	-0.0678609	-0.0616341	-0.0444536
4.24181313141419	-0.0584071	-0.0558858	-0.0893549	-0.0793848	-0.0603935	-0.0260804
4.60101376927764	-0.115569	-0.109228	-0.117485	-0.131915	-0.124483	-0.0736039
4.61844582884904	-0.0205211	-0.0260914	-0.0484759	-0.073974	-0.0510234	-0.00610773
4.45009080901079	-0.0187095	-0.0361466	-0.0432651	-0.0295732	-0.0351172	0.00769376
4.56929169988908	-0.0345093	-0.0484041	-0.0551835	-0.048462	-0.035204	-0.0117802
4.62801632885948	-0.090434	-0.0828769	-0.089457	-0.114092	-0.0809063	-0.0542446
4.66261576832022	-0.0989665	-0.0823427	-0.108467	-0.111273	-0.107363	-0.0906775
4.36685589630741	-0.101558	-0.0820425	-0.114772	-0.102405	-0.0793652	-0.0717401
4.53180182728968	-0.0865988	-0.102088	-0.0978106	-0.123485	-0.0984311	-0.0458385
4.7421412178381	-0.0542661	-0.0598266	-0.0571392	-0.0588106	-0.0490764	-0.0308151
4.48308910662328	-0.129276	-0.125085	-0.142949	-0.149347	-0.122705	-0.0935474
4.42446535774723	-0.1292	-0.137723	-0.131328	-0.141734	-0.131159	-0.100497
4.54416934150524	-0.140877	-0.155798	-0.149522	-0.163145	-0.149881	-0.106212
4.67096501245207	-0.057471	-0.060937	-0.091699	-0.0825275	-0.0667045	-0.0275476
4.62909560959344	-0.127181	-0.138014	-0.145654	-0.153865	-0.124985	-0.11942
4.50861323242564	-0.0344012	-0.0256115	-0.0446595	-0.0586936	-0.0332239	-0.00122296
4.57820846677773	-0.0696501	-0.0628774	-0.0754274	-0.0899061	-0.0755375	-0.0258661
4.38349982305664	-0.117442	-0.122069	-0.166401	-0.150253	-0.138408	-0.0960256
4.58502794970723	-0.0713929	-0.0821596	-0.0855688	-0.0639467	-0.0817768	-0.0387563
4.78091365464766	-0.0762442	-0.0758187	-0.0608581	-0.0952881	-0.0684402	-0.0205875
4.57073922415743	-0.125016	-0.127671	-0.151855	-0.14518	-0.128346	-0.0734184
4.41878628639562	-0.223996	-0.217462	-0.239709	-0.231525	-0.227579	-0.195407
4.41656444600658	-0.123388	-0.106346	-0.13349	-0.118607	-0.119687	-0.0961436
4.60663713914572	-0.0717926	-0.0710937	-0.0753707	-0.0808951	-0.0697379	-0.0330557
4.51352936874442	-0.0628965	-0.0634023	-0.0667192	-0.0773728	-0.0641476	-0.0289252
4.65213009732898	-0.084149	-0.0922408	-0.0658258	-0.0754618	-0.0626582	-0.0190682
4.65674047026449	-0.113405	-0.1301	-0.142397	-0.152702	-0.141959	-0.0758651
4.33892844660647	-0.075931	-0.0874222	-0.0998995	-0.0917548	-0.0603209	-0.042736
4.38844174854036	-0.0558335	-0.0558436	-0.0723853	-0.0746758	-0.0661606	-0.00988651
4.69672036250555	-0.0371318	-0.0383726	-0.0311406	-0.0485947	-0.0482476	-0.00655401
4.66869511967362	-0.174096	-0.165921	-0.152543	-0.177436	-0.161114	-0.122892
4.49188659538723	-0.125129	-0.132916	-0.155869	-0.140293	-0.120867	-0.0842154
4.57320242564447	-0.0825675	-0.104936	-0.100221	-0.119772	-0.110313	-0.051163
4.7541015964974	-0.0702668	-0.0734018	-0.107515	-0.101029	-0.0678356	-0.0134805
4.78072608262801	0.0553734	0.0350908	0.00266692	0.00965764	0.0122358	0.0525134
4.29276656057857	-0.142685	-0.132939	-0.155758	-0.153543	-0.159701	-0.107087
4.37970334048409	-0.0689019	-0.0779826	-0.0882263	-0.0766192	-0.0810578	-0.0173921
4.41007507299442	-0.0951882	-0.113987	-0.0836177	-0.117134	-0.0905702	-0.0550308
4.56201857478769	-0.147097	-0.154423	-0.135283	-0.16424	-0.150778	-0.106779
4.76956577553338	-0.0938282	-0.101001	-0.118375	-0.110566	-0.0995472	-0.0550047
4.73163499068711	-0.125324	-0.132097	-0.14952	-0.153599	-0.138393	-0.104461
4.5214271155966	-0.0967417	-0.108713	-0.102299	-0.117761	-0.0966121	-0.0639706
4.70282457964105	-0.118736	-0.137167	-0.119562	-0.131075	-0.125154	-0.0830773
4.67502709721526	-0.0983169	-0.121241	-0.127716	-0.131072	-0.136656	-0.0777049
4.62416525270138	-0.0407442	-0.0298996	-0.0493516	-0.0618126	-0.063352	-0.00546866
4.76724764456708	-0.0907335	-0.0987847	-0.0695988	-0.0877965	-0.0616796	-0.0293379
4.73481091017568	-0.107782	-0.123771	-0.123529	-0.130369	-0.113213	-0.0847457
4.5759417184153	-0.0875217	-0.0979277	-0.102318	-0.147812	-0.0934684	-0.0561492
4.61070553911977	-0.104948	-0.113466	-0.117486	-0.135989	-0.121895	-0.0900992
4.73499198605114	-0.0617363	-0.0630869	-0.0698942	-0.0592804	-0.0682218	-0.0466263
4.65776399952002	-0.164087	-0.164757	-0.183654	-0.180692	-0.164647	-0.12876
4.65034929217665	-0.142898	-0.138278	-0.149604	-0.163881	-0.139578	-0.116108
4.6582212286133	-0.0479913	-0.0403274	-0.0740646	-0.0753477	-0.0449807	-0.0199789
4.29696658947015	-0.0924933	-0.0871328	-0.110371	-0.101699	-0.109653	-0.0670534
4.77094194413257	-0.0830818	-0.0941485	-0.0746324	-0.0897748	-0.0924717	-0.0478649
4.7039331400226	-0.0599835	-0.0496508	-0.0515145	-0.0539081	-0.0579885	-0.0236325
4.40401817474618	-0.119805	-0.103162	-0.0999666	-0.104604	-0.100166	-0.0570856
4.55966032713782	-0.115535	-0.140962	-0.125708	-0.129576	-0.142308	-0.102726
4.59158853258613	-0.150261	-0.143651	-0.150394	-0.165944	-0.151909	-0.117217
4.53042655465893	-0.0635729	-0.0716423	-0.0741916	-0.0583423	-0.0602851	-0.0213065
4.3747882920713	-0.0915109	-0.0660318	-0.0871852	-0.0876629	-0.0865969	-0.0589884
4.47796996880212	-0.0293145	-0.0314372	-0.0515608	-0.0374977	-0.0341188	-0.00244034
4.62617019436915	-0.132595	-0.131395	-0.136138	-0.123245	-0.132808	-0.100044
4.49153996973642	-0.0223381	-0.0148301	-0.0455457	-0.0406707	0.00195284	0.0249558
4.51648712995114	-0.0694369	-0.078884	-0.0921793	-0.0903098	-0.0747242	-0.0330665
4.66541846928958	-0.131914	-0.126601	-0.132046	-0.152082	-0.117334	-0.101008
4.72965435248349	-0.125089	-0.117216	-0.134837	-0.140311	-0.129812	-0.0989077
4.65736006703355	-0.105971	-0.12099	-0.0997862	-0.129246	-0.110741	-0.071184
4.50290141720279	-0.0899495	-0.0859736	-0.116227	-0.086865	-0.0813355	-0.0378063
4.80634351085277	-0.0555886	-0.0728197	-0.0553681	-0.0692345	-0.0525821	-0.0492377
4.71293579954183	-0.0825344	-0.0917005	-0.0918491	-0.108998	-0.102687	-0.0672962
4.86013091476394	-0.059085	-0.0757824	-0.0807272	-0.0903283	-0.0690956	-0.0252411
4.56380730996046	-0.116875	-0.100126	-0.113875	-0.135404	-0.10583	-0.0569419
4.41427826288656	-0.0988857	-0.0960926	-0.108586	-0.113716	-0.111954	-0.0460129
4.70130302890125	-0.101782	-0.114953	-0.114545	-0.124496	-0.0996759	-0.0633259
4.61178172640643	-0.0945763	-0.0879452	-0.108876	-0.0781365	-0.0960679	-0.0544888
4.64637684840044	-0.106282	-0.0907655	-0.104704	-0.113484	-0.0860166	-0.065748
4.21485969914047	-0.0925251	-0.08766	-0.101285	-0.0989253	-0.0977984	-0.05045
4.66069537876662	-0.144771	-0.148948	-0.147257	-0.139658	-0.125905	-0.113887
4.53921097202677	-0.104002	-0.100807	-0.136172	-0.130613	-0.10786	-0.0721264
4.69385084226689	-0.104669	-0.113589	-0.129216	-0.119872	-0.0956531	-0.0705729
4.82323380070085	-0.0637091	-0.0709374	-0.0559174	-0.0924585	-0.0708084	-0.0241948
4.27924242279814	-0.101533	-0.118211	-0.1371	-0.110957	-0.107429	-0.0914464
4.39858381666685	-0.0647053	-0.0380866	-0.0754235	-0.0609337	-0.0565774	-0.0477623
4.87485222508947	-0.0397682	-0.067538	-0.059947	-0.0598772	-0.043851	-0.0277795
4.14871773346309	-0.0907113	-0.101641	-0.109049	-0.123384	-0.10547	-0.0664716
4.62782234800125	-0.0398917	-0.0464008	-0.0581894	-0.0478924	-0.0295955	-0.0212364
4.3543055331371	-0.112304	-0.121823	-0.135923	-0.14032	-0.132195	-0.0877856
4.54177730863046	-0.0521986	-0.0329106	-0.048315	-0.0584633	-0.0416633	-0.00957356
4.34379880555598	-0.0449495	-0.0623429	-0.0475646	-0.0778999	-0.0470406	-0.021122
4.26364829504037	-0.070504	-0.0613598	-0.079554	-0.0783577	-0.0686306	-0.0358729
4.44829478731602	-0.153636	-0.14697	-0.143999	-0.155097	-0.142652	-0.111793
4.46118178210009	-0.0165735	-0.0169191	-0.0271216	-0.014068	-0.0134239	0.0427477
4.50232251943596	-0.0708346	-0.0561892	-0.0720192	-0.0648094	-0.106553	-0.029844
4.71436585341051	-0.096013	-0.0967969	-0.124385	-0.103787	-0.117716	-0.0744386
4.62659492257527	-0.0903714	-0.0966829	-0.120754	-0.0797548	-0.0777574	-0.0596011
4.40087378535142	-0.141969	-0.123265	-0.159323	-0.17791	-0.154968	-0.111832
4.4338235298726	-0.0877226	-0.0992765	-0.0966682	-0.110582	-0.0909342	-0.0469045
4.4572884434095	-0.0564533	-0.0647175	-0.0244921	-0.0635453	-0.0495518	-0.0215812
4.69211217306604	-0.119942	-0.14146	-0.137352	-0.152827	-0.127989	-0.0835137
4.48654356125167	-0.0440617	-0.0479857	-0.089055	-0.0640349	-0.0819652	-0.0177366
4.78098457670564	-0.0906977	-0.0811104	-0.0806887	-0.110542	-0.104491	-0.0536891
4.43773744233	-0.116911	-0.1218	-0.107661	-0.135601	-0.126469	-0.0844881
4.503693386361	-0.115661	-0.120268	-0.0943485	-0.124115	-0.109696	-0.0769317
4.56107552801024	-0.149364	-0.165327	-0.168313	-0.19307	-0.166917	-0.119612
4.3872077904972	-0.162287	-0.178021	-0.193113	-0.184485	-0.20649	-0.143081
4.50862067464149	-0.149397	-0.170053	-0.174259	-0.198642	-0.148711	-0.133093
4.47662693669081	-0.0884639	-0.0797847	-0.11722	-0.130463	-0.0991291	-0.0785337
4.63692899273757	-0.109295	-0.112484	-0.123199	-0.122208	-0.106522	-0.0882812
4.71674960955383	-0.141766	-0.132523	-0.147246	-0.156612	-0.157879	-0.105974
4.29156314432995	-0.114608	-0.111559	-0.128297	-0.123356	-0.148246	-0.0770267
4.69196140281274	-0.0849355	-0.0965358	-0.113655	-0.123748	-0.0897468	-0.0402738
4.43550168774541	-0.115549	-0.113465	-0.156902	-0.149227	-0.129057	-0.0862258
4.44549915177331	-0.112138	-0.131943	-0.127288	-0.148847	-0.11833	-0.0799691
4.80393436316912	-0.136076	-0.135497	-0.122352	-0.144829	-0.115702	-0.0920387
4.48506533524791	-0.0864038	-0.0814202	-0.103722	-0.123683	-0.0946492	-0.0525503
4.5724153238885	-0.105036	-0.105148	-0.129558	-0.123817	-0.128147	-0.0749031
4.68609429112139	-0.0501664	-0.0619518	-0.085392	-0.117707	-0.0717334	-0.0213241
4.78033823027376	-0.0250839	-0.0359956	-0.0565662	-0.0293923	-0.0531636	-0.000407344
4.65300850036823	-0.0983251	-0.118462	-0.108772	-0.118221	-0.0792543	-0.0552902
4.63400849611726	-0.133394	-0.127416	-0.139195	-0.136961	-0.140796	-0.0882012
4.7205963156077	-0.0779185	-0.0880448	-0.0868461	-0.105356	-0.0702108	-0.0537639
4.51077705279641	-0.0979852	-0.0904195	-0.102306	-0.128155	-0.100499	-0.0392844
4.61171386367812	-0.120137	-0.108517	-0.095845	-0.0961672	-0.106654	-0.0782697
4.32363438549234	-0.0612265	-0.0729062	-0.101522	-0.11811	-0.115457	-0.053441
4.5920663566614	-0.0325704	-0.0337373	-0.0468692	-0.0723781	-0.0409129	-0.0251075
4.5788488115928	-0.115766	-0.127383	-0.12647	-0.152059	-0.134819	-0.0949964
4.66049963630216	-0.0838338	-0.071244	-0.0606943	-0.098703	-0.0507612	-0.0279123
4.75756608024681	-0.0246664	-0.025602	-0.0410292	-0.047448	-0.0199964	-0.00965863
4.60111025344382	-0.0537473	-0.0422255	-0.0550758	-0.0734575	-0.066825	-0.0291034
4.62534678938557	-0.060381	-0.0724246	-0.0539204	-0.0792161	-0.0470024	-0.019845
4.62249873995713	-0.0952695	-0.0843202	-0.107594	-0.115623	-0.0968763	-0.0638163
4.63449496262515	-0.172209	-0.174432	-0.175273	-0.181946	-0.194848	-0.116576
4.69446313360765	-0.0868451	-0.0821737	-0.0906497	-0.101658	-0.0847247	-0.0485498
4.12774814754419	-0.144218	-0.142549	-0.135705	-0.149807	-0.152624	-0.106783
4.03969001963831	-0.113121	-0.108411	-0.118545	-0.138893	-0.128322	-0.0865153
4.54150564571233	-0.104715	-0.102418	-0.111809	-0.120544	-0.0946848	-0.0578532
4.71690090452033	-0.0892075	-0.087845	-0.108313	-0.128904	-0.097049	-0.0452349
4.6782883736494	-0.0501	-0.0654493	-0.0581939	-0.0885597	-0.0484284	-0.0299028
4.59515401429764	-0.0671022	-0.073437	-0.0970969	-0.104232	-0.0909746	-0.02273
4.41839642018471	-0.106175	-0.104507	-0.0880323	-0.100958	-0.115348	-0.0649626
4.53295153635945	-0.115539	-0.124813	-0.108833	-0.130836	-0.103887	-0.0804182
4.52739742283018	-0.103908	-0.125436	-0.125691	-0.12983	-0.0972646	-0.0830077
4.61636881891745	-0.113671	-0.108786	-0.132594	-0.15278	-0.110056	-0.0817389
4.46098722272006	-0.0798923	-0.0885169	-0.111754	-0.127607	-0.0915251	-0.0408919
4.56689898816166	-0.107526	-0.0938487	-0.118075	-0.115262	-0.100559	-0.0916178
4.15603990609931	-0.0729162	-0.0788169	-0.0954917	-0.0858072	-0.0993032	-0.0518605
4.51128164915829	-0.0752971	-0.0829737	-0.0944872	-0.11948	-0.105615	-0.0379945
4.76030601946147	-0.0943285	-0.106588	-0.0802577	-0.11661	-0.109616	-0.0351405
4.73178623587506	-0.0609773	-0.0589886	-0.0680665	-0.0801016	-0.0701527	-0.0151226
4.488619612497	0.068184	0.0553311	0.0428855	0.0439206	0.0553315	0.104138
4.62798432380358	-0.0344168	-0.0387685	-0.0560066	-0.0481297	-0.0762272	-0.00397903
4.72148111250844	-0.056107	-0.0493788	-0.0833185	-0.0872545	-0.0631367	-0.0251556
4.49844611682479	-0.0307456	-0.0586463	-0.085391	-0.0745698	-0.0487826	-0.00472119
4.51113835916227	-0.084976	-0.0850212	-0.0915548	-0.122253	-0.114339	-0.0546953
4.55841860304043	-0.0836388	-0.0880276	-0.0832291	-0.102851	-0.0460283	-0.0352269
4.73377074560509	-0.112799	-0.121974	-0.125683	-0.132872	-0.136701	-0.0878123
4.63395780295545	-0.0577978	-0.0680137	-0.0874958	-0.0933384	-0.0739972	-0.044578
4.66004578178511	-0.0333736	-0.0518128	-0.0628738	-0.0758587	-0.0512843	-0.00561108
4.71216586308593	-0.1291	-0.126953	-0.1371	-0.127815	-0.132608	-0.103875
4.63361546183912	-0.00673677	-0.024685	-0.0313334	-0.0588963	-0.0225751	0.0336492
4.65883915304835	-0.151281	-0.146377	-0.153118	-0.151185	-0.141128	-0.117298
4.72024291582661	-0.0795649	-0.0897896	-0.0976687	-0.104645	-0.0958752	-0.0400019
4.25831107793637	-0.118611	-0.116723	-0.148253	-0.131502	-0.116614	-0.0748274
4.49220694150544	-0.164299	-0.168965	-0.152754	-0.186716	-0.160459	-0.107416
4.28805969220829	-0.052842	-0.0511568	-0.0810217	-0.0798298	-0.0453525	-0.0134187
4.46128056108961	-0.182588	-0.173117	-0.192824	-0.198387	-0.188465	-0.153018
4.65172504914516	-0.0908117	-0.104719	-0.0877	-0.127185	-0.104874	-0.058751
4.51466038039755	-0.0889293	-0.0996632	-0.116632	-0.119005	-0.0937449	-0.0682346
4.41831281736648	-0.171893	-0.165263	-0.160672	-0.170193	-0.159426	-0.128659
4.49439957518773	-0.0836649	-0.106825	-0.106277	-0.123413	-0.110562	-0.0685906
4.29577639884998	-0.0728985	-0.0697499	-0.090751	-0.0968819	-0.0814305	-0.0404967
4.62324689428021	-0.127066	-0.137404	-0.157156	-0.162837	-0.136836	-0.111392
4.6894684911442	-0.108346	-0.107529	-0.110542	-0.125624	-0.107859	-0.0738224
4.19243853040691	-0.124483	-0.113083	-0.133228	-0.151131	-0.144937	-0.101419
4.48049803572637	-0.127416	-0.14329	-0.166121	-0.149184	-0.161618	-0.113403
4.29351746691863	-0.0967038	-0.0923213	-0.133041	-0.102895	-0.114995	-0.0636615
4.44920826335377	-0.0443281	-0.039742	-0.0686626	-0.0533931	-0.033294	-0.0246084
4.75271935728974	-0.105785	-0.118218	-0.131618	-0.146885	-0.120182	-0.071865
4.28602489456801	-0.070581	-0.0705794	-0.0843047	-0.087082	-0.0815266	-0.0426146
4.28151769215436	-0.0848081	-0.0988948	-0.0668989	-0.100376	-0.0750928	-0.0487239
4.64886519799428	-0.0978972	-0.0943395	-0.140728	-0.131803	-0.105483	-0.0602606
4.46356162973883	-0.0705151	-0.0849086	-0.081167	-0.0771488	-0.07208	-0.0285022
4.53808719592549	-0.0593508	-0.0598286	-0.052675	-0.0620836	-0.0543791	-0.0207564
4.51541427545532	-0.0339488	-0.0477832	-0.0666084	-0.0920063	-0.0721783	-0.00452782
4.4693126090474	-0.112743	-0.119991	-0.119293	-0.104722	-0.0993341	-0.0606827
4.47464866569993	-0.0587133	-0.0855552	-0.0857595	-0.0912165	-0.0854126	-0.0246842
4.23445497881556	-0.0480503	-0.0509488	-0.0752456	-0.0783754	-0.0649682	-0.0111665
4.78528598697237	-0.0738059	-0.0850656	-0.0768478	-0.0876883	-0.0510223	-0.0315184
4.61553516926563	-0.120798	-0.120346	-0.135172	-0.148862	-0.11637	-0.0826153
4.73407942296522	-0.134679	-0.145906	-0.150687	-0.151263	-0.148625	-0.105422
4.45138752589918	-0.120018	-0.113663	-0.128643	-0.131094	-0.124905	-0.0704924
4.46483980972193	-0.0441319	-0.0389804	-0.0494785	-0.0688045	-0.0679469	-0.00160821
4.48759183623846	-0.136745	-0.143655	-0.169851	-0.157363	-0.132371	-0.0974598
4.70289811903857	-0.143115	-0.136721	-0.143437	-0.170792	-0.157926	-0.123628
4.43202723408909	-0.0738374	-0.0644332	-0.0886263	-0.0483436	-0.0736696	-0.0375956
3.79694172509129	-0.0962012	-0.0984886	-0.0970121	-0.129417	-0.103983	-0.0612961
4.72624200526929	-0.0542964	-0.0589689	-0.0615038	-0.0666478	-0.0560186	-0.0209069
4.48806470041848	-0.143146	-0.151989	-0.16344	-0.18427	-0.150923	-0.123811
4.76832961380204	-0.128107	-0.144177	-0.172233	-0.153859	-0.13497	-0.0945071
4.60259110539203	-0.0355956	-0.0504394	-0.0502357	-0.0504052	-0.0337761	0.00314472
4.50164292127084	-0.0821716	-0.0932179	-0.124259	-0.109035	-0.107007	-0.0529617
4.66188427280863	-0.111674	-0.117079	-0.113735	-0.158885	-0.120652	-0.0682377
4.43446870441615	-0.0594378	-0.0764536	-0.0745478	-0.0787531	-0.0622317	-0.0300006
4.18695834493123	-0.129786	-0.124922	-0.142846	-0.13635	-0.117995	-0.0923636
4.57152200965705	-0.101235	-0.118971	-0.119159	-0.139732	-0.116185	-0.0788774
4.20260005019895	-0.110971	-0.118437	-0.144824	-0.123789	-0.119549	-0.0827322
4.6628588164719	-0.0664256	-0.0754534	-0.0722592	-0.0960068	-0.0823781	-0.0277892
4.77741105615196	-0.017336	-0.0329466	-0.0292818	-0.0520348	-0.0388595	0.0251906
4.43276194114724	-0.0907803	-0.0991813	-0.101115	-0.102029	-0.0802826	-0.0493415
4.27934403502342	-0.0805671	-0.0799433	-0.0935602	-0.0946904	-0.0669046	-0.0358276
4.53199784296575	-0.0758628	-0.0739654	-0.106065	-0.107596	-0.0936367	-0.0438282
4.55573280029481	-0.113154	-0.127946	-0.14524	-0.155924	-0.126692	-0.0852545
4.72063442802418	-0.0758308	-0.0838007	-0.100954	-0.0974557	-0.0790224	-0.0482139
4.76109665677035	-0.0666845	-0.0834719	-0.0821425	-0.0765261	-0.0763014	-0.0428128
4.55278670078469	-0.155212	-0.152944	-0.175677	-0.168552	-0.160639	-0.151947
4.72441605706912	-0.0661185	-0.0636864	-0.0818189	-0.104258	-0.0700574	-0.0494348
4.78307247102789	-0.0307527	-0.0607397	-0.036115	-0.0629454	-0.0237293	-0.00881905
4.91299603111878	-0.0396642	-0.0446888	-0.0459213	-0.0524545	-0.0589271	-0.0118952
4.08267098532629	-0.0859078	-0.104186	-0.0861012	-0.112822	-0.106007	-0.0568711
4.66124395375116	-0.0501735	-0.0722336	-0.0754444	-0.0921561	-0.072478	-0.0319163
4.79508254404056	-0.0357554	-0.048687	-0.0499062	-0.064135	-0.0398781	-0.0152729
4.68403455944089	-0.104066	-0.11795	-0.11331	-0.109254	-0.102743	-0.0732711
4.52745131655464	-0.102528	-0.116082	-0.095386	-0.10155	-0.0841094	-0.074755
4.46285396545239	-0.0858481	-0.0890322	-0.062229	-0.0954297	-0.0704259	-0.0456536
4.52808614226684	-0.00474286	-0.0217121	-0.00368442	-0.0394857	-0.00592394	0.00955543
4.60242346401339	-0.150088	-0.157218	-0.151144	-0.171426	-0.141837	-0.116397
4.0974172922165	-0.0656864	-0.0672964	-0.07492	-0.0649707	-0.0542487	-0.0383642
4.4297005820958	-0.169527	-0.143082	-0.161319	-0.179447	-0.176606	-0.132903
4.24394895852377	-0.0891832	-0.0834187	-0.102628	-0.0941675	-0.0843798	-0.0817296
4.71181555553491	-0.130302	-0.120207	-0.13545	-0.117213	-0.119292	-0.0857396
3.89290463622053	-0.127357	-0.121957	-0.136249	-0.13376	-0.113697	-0.0854234
4.45415762592708	-0.0809617	-0.10668	-0.099571	-0.113974	-0.097825	-0.0482099
4.74065409230776	-0.150217	-0.168625	-0.150736	-0.186118	-0.166767	-0.119508
4.25657158160601	-0.0692199	-0.0560922	-0.0496733	-0.0935852	-0.0555031	-0.0403338
4.80097657856017	-0.0139812	-0.0189408	-0.0369657	-0.0369017	-0.0304228	0.0153663
4.54318818258065	-0.135095	-0.137169	-0.146589	-0.159355	-0.159277	-0.112204
3.96518754114357	-0.0802518	-0.0799903	-0.110509	-0.108054	-0.0854011	-0.0296071
4.7381067438751	-0.00206323	0.0119266	-0.0168953	-0.0238794	-0.00213416	0.0329433
4.66558774726813	-0.0983035	-0.0864429	-0.0855211	-0.1236	-0.104573	-0.0501428
4.68361301264656	-0.0907	-0.084306	-0.108194	-0.0916132	-0.101449	-0.0612458
3.94872754317836	-0.0754317	-0.0867332	-0.113598	-0.0999106	-0.0855568	-0.0514449
4.65071238858781	-0.0528678	-0.0658445	-0.0494732	-0.0642628	-0.0567249	-0.0258412
4.71456193324689	-0.105247	-0.133798	-0.144001	-0.161893	-0.133884	-0.0862513
4.24646151474644	-0.098324	-0.106154	-0.122742	-0.119423	-0.121016	-0.0737428
4.79995473598562	-0.115132	-0.120968	-0.140969	-0.127772	-0.111884	-0.0810745
4.66708930931933	-0.0696391	-0.0557778	-0.0677039	-0.0745074	-0.0518331	-0.0344148
4.7309802243643	-0.0825502	-0.0981845	-0.0927153	-0.104667	-0.0898297	-0.0505376
4.30537106678305	-0.119503	-0.119518	-0.146152	-0.136557	-0.130907	-0.0894469
4.22780746673607	-0.0951012	-0.118123	-0.116645	-0.135409	-0.107945	-0.0742363
4.47668854103531	-0.0779427	-0.0925527	-0.0699401	-0.115334	-0.0956595	-0.0506706
4.52496021770492	-0.0997741	-0.108609	-0.0898642	-0.117947	-0.0981024	-0.0538821
4.59695783069654	0.00127894	-0.00633809	-0.0196829	-0.028103	-0.008219	0.0288146
4.1557482659538	-0.0864805	-0.0857368	-0.0983416	-0.129827	-0.0726206	-0.0462025
4.58783985706458	-0.0790158	-0.0954272	-0.096185	-0.10923	-0.0928249	-0.0630376
4.76043871998275	-0.02818	-0.0299712	-0.0401599	-0.0563743	-0.0209685	0.0156971
4.61235016078217	-0.157449	-0.1519	-0.160293	-0.173958	-0.150568	-0.134928
4.66267275224572	-0.0490062	-0.0567397	-0.0625312	-0.0828008	-0.0539978	-0.00949377
4.41226390465037	-0.10764	-0.113154	-0.132249	-0.127044	-0.104664	-0.0604034
4.2687653702129	-0.129114	-0.113811	-0.122616	-0.140542	-0.123188	-0.0939389
4.81328134627733	-0.0512785	-0.0731356	-0.0613684	-0.080832	-0.0474678	-0.0164813
4.36280120215166	-0.242131	-0.233184	-0.222338	-0.234733	-0.224034	-0.192333
4.61891460987752	-0.0899466	-0.111956	-0.0929594	-0.117545	-0.0931993	-0.0493063
4.48897609365924	-0.00111827	-0.0155055	-0.0298659	-0.0645488	-0.0316363	0.023512
4.53334691684221	-0.144771	-0.137714	-0.154017	-0.160847	-0.148266	-0.129753
4.23469591950087	-0.0937801	-0.0991531	-0.0981759	-0.102572	-0.093709	-0.0584226
4.16358137622632	-0.0902734	-0.0924484	-0.0953422	-0.110321	-0.0824635	-0.0495896
4.61362648901032	-0.148656	-0.152046	-0.158017	-0.157232	-0.1457	-0.12493
4.50237066304428	-0.0585399	-0.0714998	-0.0654164	-0.0863275	-0.0867961	-0.0433873
4.7194506708409	-0.102081	-0.124029	-0.111581	-0.153335	-0.112983	-0.0571905
4.18346319475919	-0.138091	-0.138572	-0.170429	-0.167702	-0.167014	-0.105453
4.75360728846847	-0.0981602	-0.0893707	-0.0938237	-0.114034	-0.0938942	-0.0562997
4.56338299078638	-0.025981	-0.0238714	-0.0263834	-0.0233924	-0.00804422	0.0217558
4.30262422813325	-0.150141	-0.145737	-0.15913	-0.159094	-0.133208	-0.106289
4.78777491199341	-0.0348058	-0.0371208	-0.0373901	-0.0459969	-0.0299342	0.0150511
4.28595710126715	-0.115768	-0.104825	-0.122622	-0.139869	-0.102146	-0.0939546
4.75995555279878	-0.0828568	-0.0757178	-0.099403	-0.080238	-0.0735547	-0.0535978
4.46206774851278	-0.0855836	-0.0911091	-0.0922426	-0.0911661	-0.0856493	-0.0631825
4.25275641380018	-0.0865634	-0.08635	-0.098535	-0.110371	-0.0759807	-0.0554879
4.71209829582213	-0.0274012	-0.048627	-0.0650916	-0.0619571	-0.0418841	0.00142118
4.21053171609875	0.0188875	-0.0146922	-0.0180216	-0.0146961	-0.00554007	0.0325074
4.70484683544489	-0.0720514	-0.0703328	-0.0951436	-0.112054	-0.0829611	-0.0394634
4.83029076846522	-0.0952766	-0.0806117	-0.110705	-0.102357	-0.100088	-0.0517492
4.47438119189502	-0.116636	-0.101461	-0.128195	-0.134695	-0.10988	-0.0871746
4.55068492572979	-0.146665	-0.139804	-0.148185	-0.160818	-0.130287	-0.104161
4.62705050935736	-0.112766	-0.11353	-0.130945	-0.139009	-0.0938106	-0.0807039
4.60327326860322	-0.0784948	-0.074867	-0.0892851	-0.116618	-0.0879699	-0.0461903
3.15404915768724	-0.100364	-0.0844811	-0.106997	-0.125362	-0.107854	-0.0684365
4.69696685650644	-0.076046	-0.0787756	-0.0585691	-0.0710631	-0.0617753	-0.0414842
4.65327969558396	-0.00418534	-0.00980304	-0.0174732	-0.012639	0.00870367	0.0361256
4.21800284109341	-0.107737	-0.116165	-0.138444	-0.124291	-0.123017	-0.0752571
4.63150631397469	-0.0899924	-0.0853528	-0.114349	-0.0891028	-0.0913166	-0.0530437
4.56697205639814	-0.0716382	-0.0733443	-0.0960307	-0.0719784	-0.0814767	-0.0464374
4.52870940536833	-0.0796158	-0.079621	-0.0835977	-0.0975991	-0.094054	-0.0468474
4.46611059013862	-0.151277	-0.154025	-0.168837	-0.176449	-0.179221	-0.129852
4.52154865277985	-0.0692117	-0.0852534	-0.0859216	-0.0847187	-0.0751946	-0.0301353
4.69894919618573	-0.128293	-0.138164	-0.140629	-0.124187	-0.113149	-0.10747
4.3964621717698	-0.102141	-0.119412	-0.118464	-0.129298	-0.0905468	-0.0645326
4.63524170586167	-0.0208503	-0.0087327	-0.0359747	-0.0529244	-0.0212667	0.00690691
4.83661352981511	-0.063166	-0.0503379	-0.0892739	-0.0693303	-0.0642528	-0.022952
4.83972488265816	-0.0990719	-0.0831519	-0.119518	-0.125384	-0.101969	-0.0824685
4.28728306947122	-0.0782528	-0.102056	-0.11662	-0.127225	-0.113709	-0.0484882
4.53681235423394	-0.0952543	-0.0946365	-0.111684	-0.108339	-0.100245	-0.0601026
4.64051495988024	-0.135277	-0.148961	-0.170494	-0.182475	-0.141275	-0.113135
4.75390864368127	-0.0644117	-0.068883	-0.0736789	-0.0802893	-0.0481527	-0.0311676
4.75258250306241	-0.0441326	-0.0583923	-0.064704	-0.059976	-0.0345119	-0.0160004
4.26826367310318	-0.0762941	-0.0738963	-0.099336	-0.115067	-0.117323	-0.0423794
4.525165577363	-0.0738941	-0.06908	-0.096836	-0.0889234	-0.0730802	-0.0624172
4.59230584610069	-0.0896224	-0.0965843	-0.0862351	-0.0956789	-0.0942129	-0.0726261
4.71583884535269	-0.120405	-0.113524	-0.139462	-0.152293	-0.134006	-0.0843849
4.44160222366257	-0.091396	-0.104814	-0.122516	-0.137662	-0.131021	-0.0691908
4.22986533265071	-0.066327	-0.0701589	-0.0981256	-0.0866186	-0.0749039	-0.0302708
4.68059457406444	-0.0744466	-0.0883359	-0.100674	-0.101699	-0.0889008	-0.0500054
4.50165727168101	-0.13304	-0.135294	-0.146093	-0.128593	-0.14109	-0.0871027
4.31885133054643	-0.0520182	-0.0533317	-0.0316169	-0.0334736	-0.0596263	-0.0230279
4.63459726604595	-0.102053	-0.0943714	-0.0992733	-0.103939	-0.10627	-0.0576053
4.57249410431444	-0.0881017	-0.0923114	-0.0794005	-0.113601	-0.113919	-0.0686155
4.66298772516176	-0.152864	-0.131382	-0.148539	-0.146582	-0.124733	-0.111149
4.58515687469164	-0.0121331	-0.0136928	-0.0164731	-0.030116	-0.0234878	-0.000931244
4.54428509271277	-0.0389927	-0.0341973	-0.0586169	-0.0421603	-0.0485132	-0.00737225
4.27115139259132	-0.121841	-0.117428	-0.134442	-0.124314	-0.154835	-0.0860323
4.45322316256007	-0.1042	-0.10074	-0.110157	-0.114355	-0.0929554	-0.0643728
4.72276309707035	-0.0875941	-0.100951	-0.111668	-0.112868	-0.113305	-0.0674662
3.80605341636118	-0.155278	-0.171491	-0.191328	-0.212012	-0.180382	-0.143765
4.72846513557099	-0.0733014	-0.0997828	-0.0824633	-0.0989533	-0.0871443	-0.0391312
4.4785771634307	-0.0289585	-0.0288752	-0.0409624	-0.0657349	-0.068365	0.00230621
4.52050112452771	-0.0516497	-0.0681841	-0.0869636	-0.0846667	-0.0679644	-0.0290602
4.5250166890187	-0.100231	-0.123623	-0.115665	-0.129407	-0.116567	-0.0794319
4.6179399756464	-0.113212	-0.0977395	-0.100054	-0.1248	-0.0943309	-0.0699356
4.47193899493248	-0.105695	-0.1291	-0.119291	-0.1635	-0.121514	-0.0709965
4.54889153894842	-0.12001	-0.119978	-0.132205	-0.121144	-0.119042	-0.0721955
4.59098831965927	-0.111309	-0.134975	-0.144496	-0.141758	-0.110646	-0.0696942
4.03749040541837	-0.0640016	-0.0796913	-0.0680037	-0.0868425	-0.0483641	-0.0356994
4.77433943721667	-0.119725	-0.129453	-0.122862	-0.14371	-0.124614	-0.100263
4.45733679997852	-0.0579893	-0.0699697	-0.102081	-0.106818	-0.0829891	-0.035238
4.80781459670898	-0.109462	-0.115969	-0.121483	-0.127703	-0.0992111	-0.0904911
4.63619571914754	0.0148283	-0.00913303	-0.0233739	-0.0430392	-0.0161615	0.027169
4.4128930836397	-0.0729095	-0.0590334	-0.0824533	-0.086724	-0.0908999	-0.0376938
4.58178751709928	-0.0091605	-0.0143803	-0.0578388	-0.0337874	-0.0223939	0.0148328
4.34522631774372	-0.167634	-0.169634	-0.175937	-0.184616	-0.204317	-0.137685
4.6268023068436	-0.0764502	-0.0721191	-0.0943218	-0.0888207	-0.0827935	-0.0376263
4.54420169976318	-0.129998	-0.139585	-0.162113	-0.141506	-0.145635	-0.0942705
4.13224311584152	-0.0963306	-0.103871	-0.0777206	-0.103336	-0.0704256	-0.058197
4.7279201599083	-0.0667261	-0.0710518	-0.0942744	-0.0834342	-0.0873395	-0.0341779
4.67315965051141	-0.102366	-0.0892553	-0.107961	-0.102175	-0.0847735	-0.0616518
4.53439138063329	-0.16197	-0.172163	-0.179965	-0.196968	-0.173141	-0.100764
4.69194480023588	-0.0550827	-0.071496	-0.0684396	-0.0775279	-0.0550799	-0.0376395
4.36540224898259	-0.0420232	-0.0497862	-0.059667	-0.0610818	-0.0655786	-0.0123246
4.07566808356644	-0.11925	-0.130869	-0.148638	-0.130875	-0.127455	-0.0921464
4.28254088409704	-0.0362017	-0.0480058	-0.0430985	-0.0432061	-0.0321285	-0.0123548
4.34710755456608	-0.146187	-0.144988	-0.151034	-0.169175	-0.144472	-0.107081
4.41875089159001	-0.0665962	-0.077168	-0.0853669	-0.0988407	-0.0697732	-0.0500037
4.71500295989611	-0.0793252	-0.0808588	-0.0798093	-0.0869425	-0.0936607	-0.041769
4.28998143576569	-0.112593	-0.117198	-0.118188	-0.134843	-0.110168	-0.0812499
4.66502422472828	-0.196826	-0.196137	-0.198869	-0.203747	-0.186458	-0.151124
4.80090485043819	-0.151388	-0.144194	-0.152788	-0.132481	-0.13846	-0.11125
4.66636637693838	-0.0986689	-0.0999651	-0.100487	-0.0909248	-0.0951152	-0.0365011
4.69088461921131	-0.0984256	-0.0921685	-0.101544	-0.104666	-0.107341	-0.0668698
4.61090930829382	-0.0811039	-0.0650326	-0.0719894	-0.0680092	-0.0666922	-0.0399389
4.66299902053153	-0.0476591	-0.0424945	-0.0620696	-0.0752314	-0.0464421	-0.0106232
4.48872475993912	-0.174947	-0.184022	-0.181815	-0.179911	-0.184013	-0.133485
4.52095466855483	-0.114711	-0.0926968	-0.112555	-0.108908	-0.115405	-0.0673995
4.6093779480257	-0.117205	-0.10527	-0.145219	-0.13533	-0.136658	-0.0918358
4.81794853734135	-0.0708753	-0.0865949	-0.0786433	-0.0985401	-0.065497	-0.0371273
4.28112827003866	-0.149649	-0.137775	-0.148183	-0.154537	-0.153725	-0.103743
4.44381417501341	-0.115121	-0.115942	-0.107025	-0.120235	-0.107411	-0.091651
4.68487256406995	-0.112585	-0.120944	-0.124853	-0.128409	-0.10818	-0.0849318
4.22669752572258	-0.140922	-0.121509	-0.146483	-0.16465	-0.135245	-0.098502
4.74358794750085	-0.0939082	-0.0921272	-0.105364	-0.111914	-0.0989591	-0.0544897
4.4986820021423	-0.117434	-0.12933	-0.138575	-0.136438	-0.136951	-0.103094
4.66750635752294	-0.126512	-0.108092	-0.128542	-0.137537	-0.11896	-0.0860574
4.71573062002504	-0.0264401	-0.0302021	-0.0587976	-0.0533033	-0.0333178	0.0135923
4.21976687876032	-0.12465	-0.100498	-0.150934	-0.1624	-0.130506	-0.0834477
4.27129834057271	-0.019646	-0.035467	-0.0584138	-0.0492491	-0.0173101	0.00847376
4.7298374425823	-0.0459912	-0.0613933	-0.0553274	-0.0635648	-0.0522933	-0.00137842
4.52594905719462	-0.146811	-0.127901	-0.147905	-0.145712	-0.123956	-0.104372
4.62801689084268	-0.112472	-0.112908	-0.153153	-0.153775	-0.13678	-0.0867572
4.50836165264229	-0.124068	-0.120296	-0.109418	-0.109265	-0.0883679	-0.0805784
4.14793864324216	-0.0306863	-0.0489142	-0.0531935	-0.06051	-0.0546588	-0.0184772
4.66776199372093	-0.0696699	-0.0725645	-0.0983559	-0.104248	-0.104469	-0.033922
4.38637023657048	-0.0950353	-0.104148	-0.094531	-0.120682	-0.105573	-0.0513436
4.57817504752362	-0.0830003	-0.0972499	-0.111517	-0.111896	-0.0860322	-0.0526824
4.54253560669233	-0.0742184	-0.0771047	-0.081666	-0.0833404	-0.0560636	-0.039616
4.84367415819696	-0.023662	-0.0148958	-0.0317808	-0.0219956	-0.0120464	0.00642266
4.78424354546854	-0.0280844	-0.0377886	-0.0431193	-0.0370751	-0.0242805	0.0108097
4.40544608461213	-0.0505003	-0.064919	-0.0800207	-0.0799308	-0.0689544	-0.0196458
4.52257318131265	-0.0554561	-0.0616487	-0.0717555	-0.0842464	-0.0645574	-0.0303373
4.39885588964341	-0.155137	-0.171175	-0.17148	-0.159728	-0.158993	-0.14392
4.70292846407714	-0.145826	-0.162498	-0.171809	-0.176831	-0.153004	-0.114161
4.4767374230736	-0.09102	-0.0797852	-0.0835608	-0.097061	-0.0992788	-0.0451042
4.49402697267011	-0.0414589	-0.0498422	-0.0737119	-0.0719897	-0.0373581	-0.0211515
4.33640824913722	-0.076909	-0.0960876	-0.10325	-0.0966945	-0.0762412	-0.0424302
4.49346090457397	-0.1318	-0.130802	-0.143753	-0.149188	-0.105741	-0.0975879
4.22532266773105	-0.0900192	-0.102928	-0.0912318	-0.121487	-0.0946422	-0.0454338
4.43409512101653	-0.0891914	-0.095141	-0.105022	-0.0973484	-0.108749	-0.0718756
4.52712310564111	-0.128702	-0.138657	-0.164668	-0.169829	-0.148488	-0.0941223
4.42824052511776	-0.125023	-0.133888	-0.140876	-0.164143	-0.136083	-0.0695869
4.70003731952688	-0.173563	-0.156253	-0.149668	-0.164476	-0.173611	-0.13865
4.35479726006186	-0.0148816	-0.0131553	-0.0139198	-0.025506	-0.00886688	0.00910492
4.64612577502094	-0.0776776	-0.0709566	-0.104252	-0.106479	-0.0835874	-0.0471011
4.61872681231943	-0.0698216	-0.0712254	-0.0774549	-0.0688683	-0.0648647	-0.0257452
4.54258596826401	-0.12469	-0.111233	-0.143236	-0.132165	-0.120175	-0.0787121
4.64650415240254	-0.123349	-0.140238	-0.139912	-0.152292	-0.145633	-0.0874595
4.61253329421249	-0.0907699	-0.0981479	-0.112938	-0.117258	-0.0928192	-0.0609693
4.52934642100324	-0.0838845	-0.0911996	-0.0618063	-0.109377	-0.0730863	-0.0476454
4.46358904411008	-0.102153	-0.0852746	-0.114937	-0.120964	-0.0943303	-0.0665362
4.77357207836815	0.00259955	-0.00283199	-0.0412777	-0.0273657	-0.0141361	0.0298978
4.18099474226535	-0.11963	-0.118363	-0.126233	-0.139328	-0.135844	-0.0736018
4.59838474053971	-0.0565466	-0.063427	-0.0818331	-0.0736001	-0.0498856	-0.0172618
4.44382523828676	-0.000555765	-0.00334972	-0.0223303	-0.0644001	-0.0388909	0.0321603
4.56795839056233	-0.0946977	-0.100474	-0.111765	-0.134409	-0.100796	-0.0426312
4.84562748206447	-0.0990009	-0.0998675	-0.108023	-0.132761	-0.114066	-0.0783361
4.58669216654209	-0.0745745	-0.0901049	-0.103987	-0.0750088	-0.0757303	-0.0448221
4.66653700849578	-0.123109	-0.129838	-0.128275	-0.149059	-0.137209	-0.0809877
4.48100721747489	-0.0831341	-0.101833	-0.0993134	-0.110687	-0.0974745	-0.0488119
4.46164403243613	-0.142752	-0.145757	-0.129621	-0.140309	-0.143273	-0.104238
4.55437446591451	-0.0766722	-0.0873297	-0.0989925	-0.106807	-0.0746758	-0.0521338
3.9788810788031	-0.1985	-0.17924	-0.165812	-0.200714	-0.169514	-0.155658
4.36569547606994	-0.0895682	-0.0875679	-0.137359	-0.121324	-0.130825	-0.0672784
4.495210344092	-0.14436	-0.154209	-0.163156	-0.180016	-0.176307	-0.121676
4.27262816092457	-0.0437473	-0.0485324	-0.0626227	-0.0381514	-0.033057	-0.0157941
4.69938904908094	-0.0788469	-0.0624504	-0.0963096	-0.0869055	-0.0646932	-0.0312306
4.59825340063263	-0.183536	-0.179698	-0.160686	-0.183264	-0.163888	-0.158255
4.57255465881787	-0.0203598	-0.0529015	-0.0505263	-0.0795239	-0.0534811	0.00903119
4.74251180807832	-0.0993955	-0.109536	-0.14218	-0.137066	-0.131466	-0.0843035
4.57913514781834	-0.0796702	-0.0729003	-0.0827032	-0.0918328	-0.0646013	-0.0338213
4.57660534033938	-0.0657456	-0.0867208	-0.0820448	-0.0960548	-0.0708671	-0.0329536
4.73929415722766	-0.0487805	-0.0480119	-0.0520336	-0.0505492	-0.0567185	-0.00427527
4.79604950939325	-0.0982365	-0.11256	-0.136689	-0.134809	-0.121671	-0.0699688
4.66374405876996	-0.0642867	-0.0705268	-0.0835261	-0.0863563	-0.065362	-0.0442376
4.45265894461554	-0.0456722	-0.0404874	-0.0681758	-0.0753454	-0.0582402	-0.0128905
4.66202277907938	-0.0767383	-0.090883	-0.10209	-0.100644	-0.106021	-0.0643501
4.34526762649875	-0.126879	-0.116876	-0.14597	-0.143291	-0.117244	-0.0840608
4.46228161688438	-0.176543	-0.174273	-0.183237	-0.18459	-0.190136	-0.133877
4.67166099597443	0.0362317	0.0364306	0.0143489	0.0266491	0.0408735	0.0734355
4.77555755612492	-0.0359883	-0.0595166	-0.0829605	-0.0797583	-0.0610073	-0.011708
4.63396243367437	-0.0767844	-0.0800755	-0.0807383	-0.0896079	-0.0750883	-0.052185
4.59451387790345	-0.0594111	-0.0616831	-0.0745335	-0.0899849	-0.0960369	-0.0276434
4.61585780756836	-0.084826	-0.105631	-0.124569	-0.138843	-0.109528	-0.0368812
4.70702651725854	-0.113972	-0.119533	-0.128739	-0.13221	-0.144699	-0.0862727
4.75862991821516	-0.173921	-0.186477	-0.188635	-0.217651	-0.183601	-0.119585
4.43774887115779	-0.0601509	-0.0790798	-0.0867288	-0.123461	-0.0931111	-0.0610624
4.62195688123023	-0.0757264	-0.0816981	-0.0899821	-0.105936	-0.0959358	-0.0532088
4.47254706138754	-0.0799876	-0.0942639	-0.0959536	-0.113717	-0.0982989	-0.050495
4.67895843876276	-0.114144	-0.0955624	-0.119185	-0.116231	-0.113932	-0.0803229
4.59423069615881	-0.135035	-0.132281	-0.119496	-0.15474	-0.139382	-0.0930466
4.65192396747218	-0.133435	-0.131726	-0.153878	-0.150122	-0.144254	-0.0862724
4.50794175387215	-0.0846198	-0.0741268	-0.0716672	-0.0818742	-0.066969	-0.0284379
4.28905990615316	-0.127666	-0.116892	-0.148511	-0.152634	-0.123766	-0.110633
4.36605697092128	-0.0833916	-0.102197	-0.0976179	-0.103982	-0.0844131	-0.0702144
4.64185173937219	-0.117967	-0.126558	-0.14946	-0.134236	-0.113325	-0.0862211
4.31660150929121	-0.0843799	-0.078444	-0.0602777	-0.10445	-0.0680342	-0.0391806
4.13434912152068	-0.159864	-0.172907	-0.173632	-0.172267	-0.160736	-0.116153
4.61538724986998	-0.135623	-0.132346	-0.144521	-0.146544	-0.135082	-0.104047
4.44035266231825	-0.0885219	-0.0779835	-0.084839	-0.0748456	-0.0657212	-0.0304976
4.28874775747483	-0.129954	-0.122621	-0.148307	-0.159651	-0.149794	-0.0991861
4.63303816131609	-0.160328	-0.156111	-0.177058	-0.163081	-0.164529	-0.138463
4.06844053672317	-0.105842	-0.112524	-0.128458	-0.123193	-0.107391	-0.0659981
4.52212196968834	-0.097426	-0.102285	-0.0847419	-0.103328	-0.0863708	-0.0529497
4.62562089673883	-0.136414	-0.132485	-0.14497	-0.146256	-0.128428	-0.120681
4.40896260504376	-0.117384	-0.124275	-0.127394	-0.145564	-0.136908	-0.0958424
4.44562582629103	-0.103919	-0.115067	-0.123556	-0.126962	-0.107285	-0.0908519
4.54740816389156	-0.037416	-0.0448767	-0.0582223	-0.0678884	-0.0407379	-0.0119254
4.55050303919323	-0.00063408	-0.00471132	-0.0185395	-0.0373905	-0.00462528	0.0370342
4.44787349249279	-0.120171	-0.121302	-0.141817	-0.161496	-0.126414	-0.0871313
4.71055922114256	-0.0559037	-0.0572817	-0.0495737	-0.0810464	-0.0589226	-0.0205972
4.77507333954938	-0.0658569	-0.0660527	-0.078269	-0.0887799	-0.0724444	-0.0146171
4.61040435841829	-0.0813032	-0.0681122	-0.0664111	-0.0837637	-0.0637563	-0.0542354
4.58466846549808	-0.0732519	-0.0956386	-0.0981168	-0.10024	-0.0904162	-0.0392078
4.4723426385964	-0.0144631	-0.0241771	-0.0202195	-0.0283188	-0.0251617	0.00486716
4.55978574910763	-0.0784369	-0.0758777	-0.0632405	-0.080922	-0.0562247	-0.0427725
4.55815884051961	-0.144516	-0.151252	-0.149944	-0.164611	-0.138874	-0.118561
4.71888560596743	-0.102748	-0.0906049	-0.105678	-0.1042	-0.0955374	-0.0637409
4.50230940623595	-0.0754445	-0.076302	-0.0678428	-0.0655479	-0.0748278	-0.0473229
4.80571068068558	-0.159402	-0.153506	-0.165815	-0.171573	-0.148324	-0.137255
4.33789273926844	-0.0646658	-0.076615	-0.100665	-0.0828346	-0.0630284	-0.0354301
4.67159704632119	-0.0905156	-0.0974454	-0.103328	-0.102862	-0.109266	-0.0412454
4.81866505957126	-0.0448373	-0.0428726	-0.0694748	-0.0568491	-0.0508438	0.00248168
4.28093596541944	-0.125595	-0.134265	-0.12772	-0.126415	-0.124545	-0.0880603
4.80729959821549	-0.0733055	-0.0756986	-0.0745029	-0.0918627	-0.0841735	-0.0273475
4.17215495887214	-0.0906306	-0.102833	-0.125708	-0.120918	-0.110099	-0.0686027
4.50386304921495	-0.12691	-0.115923	-0.126036	-0.130502	-0.0995263	-0.0718396
4.21536959841285	-0.0827725	-0.0885712	-0.0821842	-0.110814	-0.102633	-0.0602513
4.47243337432604	-0.127278	-0.123509	-0.133936	-0.137677	-0.12282	-0.0870716
4.35884034807646	-0.081434	-0.0958508	-0.123323	-0.123544	-0.113401	-0.0465848
4.63932459367742	-0.122912	-0.117327	-0.13039	-0.154688	-0.122054	-0.0827638
4.4916244419171	-0.0586025	-0.069067	-0.0796132	-0.0948717	-0.0776803	-0.0390084
4.31049210203724	-0.0674026	-0.0645941	-0.0785791	-0.0799689	-0.0609235	-0.0484511
4.55373786071101	-0.0853407	-0.0783101	-0.105547	-0.111394	-0.105696	-0.0618269
4.6246248424866	-0.155647	-0.161271	-0.159433	-0.206604	-0.188049	-0.136115
4.54962637011929	-0.0264963	-0.0340345	-0.0501733	-0.071298	-0.0568717	0.000568009
4.5160180106916	-0.112993	-0.0883553	-0.140944	-0.12253	-0.083423	-0.075427
4.5123555231231	-0.113327	-0.117898	-0.106554	-0.132703	-0.105153	-0.107433
4.2198271040161	-0.108033	-0.129026	-0.123657	-0.126148	-0.110879	-0.0848595
4.31107471730043	-0.112363	-0.100166	-0.115603	-0.117825	-0.107705	-0.0466337
4.66705768967804	-0.0430813	-0.0360877	-0.0376856	-0.0274513	-0.0255609	-0.00734758
4.63901228033588	-0.0291897	-0.0101825	-0.0286604	-0.043962	-0.0223668	0.00870552
4.51032964242825	-0.0761728	-0.0879649	-0.0999403	-0.113544	-0.0911042	-0.055384
4.71370946614463	-0.0191278	-0.0100186	-0.0391613	-0.0279787	-0.0141532	0.0193976
4.6434669617891	-0.0661405	-0.0649144	-0.0747317	-0.0558774	-0.0682208	-0.026701
4.5111159834124	-0.0854332	-0.109146	-0.0996181	-0.127758	-0.0961952	-0.0536835
4.50107686433615	-0.154201	-0.143351	-0.141571	-0.152704	-0.121976	-0.117942
4.67983728587745	-0.0185908	-0.0269135	-0.0301691	-0.0563936	-0.0349093	0.0128086
4.24545251270875	-0.138427	-0.143784	-0.154767	-0.161763	-0.154616	-0.0981994
4.64534510657459	-0.0861614	-0.0779792	-0.0781811	-0.110398	-0.0946325	-0.05294
4.31516567110824	-0.167907	-0.175895	-0.17586	-0.190714	-0.17627	-0.134229
4.38308902948219	-0.117069	-0.0906687	-0.131605	-0.131293	-0.11969	-0.0829819
